Using pre-set license
Built from '6000.0/staging' branch; Version is '6000.0.32f1 (b2e806cf271c) revision 11724806'; Using compiler version '193933523'; Build Type 'Release'
OS: 'Windows 11  (10.0.26100) 64bit Professional' Language: 'en' Physical Memory: 28565 MB
BatchMode: 1, IsHumanControllingUs: 0, StartBugReporterOnCrash: 0, Is64bit: 1, IsPro: 1

COMMAND LINE ARGUMENTS:
C:\Program Files\Unity\Hub\Editor\6000.0.32f1\Editor\Unity.exe
-adb2
-batchMode
-noUpm
-name
AssetImportWorker2
-projectPath
C:/Users/Ryan/Unity Projects/TSA Video Game
-logFile
Logs/AssetImportWorker2.log
-srvPort
57729
-job-worker-count
7
-background-job-worker-count
8
-gc-helper-count
1
Successfully changed project path to: C:/Users/Ryan/Unity Projects/TSA Video Game
C:/Users/Ryan/Unity Projects/TSA Video Game
[UnityMemory] Configuration Parameters - Can be set up in boot.config
    "memorysetup-bucket-allocator-granularity=16"
    "memorysetup-bucket-allocator-bucket-count=8"
    "memorysetup-bucket-allocator-block-size=33554432"
    "memorysetup-bucket-allocator-block-count=8"
    "memorysetup-main-allocator-block-size=16777216"
    "memorysetup-thread-allocator-block-size=16777216"
    "memorysetup-gfx-main-allocator-block-size=16777216"
    "memorysetup-gfx-thread-allocator-block-size=16777216"
    "memorysetup-cache-allocator-block-size=4194304"
    "memorysetup-typetree-allocator-block-size=2097152"
    "memorysetup-profiler-bucket-allocator-granularity=16"
    "memorysetup-profiler-bucket-allocator-bucket-count=8"
    "memorysetup-profiler-bucket-allocator-block-size=33554432"
    "memorysetup-profiler-bucket-allocator-block-count=8"
    "memorysetup-profiler-allocator-block-size=16777216"
    "memorysetup-profiler-editor-allocator-block-size=1048576"
    "memorysetup-temp-allocator-size-main=16777216"
    "memorysetup-job-temp-allocator-block-size=2097152"
    "memorysetup-job-temp-allocator-block-size-background=1048576"
    "memorysetup-job-temp-allocator-reduction-small-platforms=262144"
    "memorysetup-allocator-temp-initial-block-size-main=262144"
    "memorysetup-allocator-temp-initial-block-size-worker=262144"
    "memorysetup-temp-allocator-size-background-worker=32768"
    "memorysetup-temp-allocator-size-job-worker=262144"
    "memorysetup-temp-allocator-size-preload-manager=33554432"
    "memorysetup-temp-allocator-size-nav-mesh-worker=65536"
    "memorysetup-temp-allocator-size-audio-worker=65536"
    "memorysetup-temp-allocator-size-cloud-worker=32768"
    "memorysetup-temp-allocator-size-gi-baking-worker=262144"
    "memorysetup-temp-allocator-size-gi-baking-worker=262144"
    "memorysetup-temp-allocator-size-gi-baking-worker=262144"
    "memorysetup-temp-allocator-size-gi-baking-worker=262144"
    "memorysetup-temp-allocator-size-gi-baking-worker=262144"
    "memorysetup-temp-allocator-size-gfx=262144"
Player connection [35680]  Target information:

Player connection [35680]  * "[IP] 192.168.1.123 [Port] 0 [Flags] 2 [Guid] 3632978633 [EditorId] 3632978633 [Version] 1048832 [Id] WindowsEditor(7,RyanDesktop) [Debug] 1 [PackageName] WindowsEditor [ProjectName] Editor" 

Player connection [35680] Host joined multi-casting on [225.0.0.222:54997]...
Player connection [35680] Host joined alternative multi-casting on [225.0.0.222:34997]...
JobSystem: Creating JobQueue using job-worker-count value 7
[Physics::Module] Initialized fallback backend.
[Physics::Module] Id: 0xdecafbad
Library Redirect Path: Library/
[Physics::Module] Selected backend.
[Physics::Module] Name: PhysX
[Physics::Module] Id: 0xf2b8ea05
[Physics::Module] SDK Version: 4.1.2
[Physics::Module] Integration Version: 1.0.0
[Physics::Module] Threading Mode: Multi-Threaded
Refreshing native plugins compatible for Editor in 2.80 ms, found 4 plugins.
Preloading 0 native plugins for Editor in 0.00 ms.
Initialize engine version: 6000.0.32f1 (b2e806cf271c)
[Subsystems] Discovering subsystems at path C:/Program Files/Unity/Hub/Editor/6000.0.32f1/Editor/Data/Resources/UnitySubsystems
[Subsystems] Discovering subsystems at path C:/Users/Ryan/Unity Projects/TSA Video Game/Assets
GfxDevice: creating device client; kGfxThreadingModeNonThreaded
Direct3D:
    Version:  Direct3D 11.0 [level 11.1]
    Renderer: AMD Radeon(TM) Graphics (ID=0x1638)
    Vendor:   ATI
    VRAM:     14282 MB
    Driver:   31.0.21923.1000
Initialize mono
Mono path[0] = 'C:/Program Files/Unity/Hub/Editor/6000.0.32f1/Editor/Data/Managed'
Mono path[1] = 'C:/Program Files/Unity/Hub/Editor/6000.0.32f1/Editor/Data/MonoBleedingEdge/lib/mono/unityjit-win32'
Mono config path = 'C:/Program Files/Unity/Hub/Editor/6000.0.32f1/Editor/Data/MonoBleedingEdge/etc'
Using monoOptions --debugger-agent=transport=dt_socket,embedding=1,server=y,suspend=n,address=127.0.0.1:56784
Begin MonoManager ReloadAssembly
Registering precompiled unity dll's ...
Register platform support module: C:/Program Files/Unity/Hub/Editor/6000.0.32f1/Editor/Data/PlaybackEngines/WebGLSupport/UnityEditor.WebGL.Extensions.dll
Register platform support module: C:/Program Files/Unity/Hub/Editor/6000.0.32f1/Editor/Data/PlaybackEngines/WindowsStandaloneSupport/UnityEditor.WindowsStandalone.Extensions.dll
Register platform support module: C:/Program Files/Unity/Hub/Editor/6000.0.32f1/Editor/Data/PlaybackEngines/iOSSupport/UnityEditor.iOS.Extensions.dll
Registered in 0.005299 seconds.
- Loaded All Assemblies, in  0.383 seconds
[usbmuxd] Start listen thread
[usbmuxd] Listen thread started
Native extension for iOS target not found
Native extension for WindowsStandalone target not found
Native extension for WebGL target not found
Mono: successfully reloaded assembly
- Finished resetting the current domain, in  0.376 seconds
Domain Reload Profiling: 755ms
	BeginReloadAssembly (133ms)
		ExecutionOrderSort (0ms)
		DisableScriptedObjects (0ms)
		BackupInstance (0ms)
		ReleaseScriptingObjects (0ms)
		CreateAndSetChildDomain (1ms)
	RebuildCommonClasses (34ms)
	RebuildNativeTypeToScriptingClass (12ms)
	initialDomainReloadingComplete (53ms)
	LoadAllAssembliesAndSetupDomain (146ms)
		LoadAssemblies (130ms)
		RebuildTransferFunctionScriptingTraits (0ms)
		AnalyzeDomain (142ms)
			TypeCache.Refresh (141ms)
				TypeCache.ScanAssembly (130ms)
			BuildScriptInfoCaches (0ms)
			ResolveRequiredComponents (0ms)
	FinalizeReload (377ms)
		ReleaseScriptCaches (0ms)
		RebuildScriptCaches (0ms)
		SetupLoadedEditorAssemblies (332ms)
			LogAssemblyErrors (0ms)
			InitializePlatformSupportModulesInManaged (94ms)
			SetLoadedEditorAssemblies (4ms)
			BeforeProcessingInitializeOnLoad (54ms)
			ProcessInitializeOnLoadAttributes (123ms)
			ProcessInitializeOnLoadMethodAttributes (58ms)
			AfterProcessingInitializeOnLoad (0ms)
			EditorAssembliesLoaded (0ms)
		ExecutionOrderSort2 (0ms)
		AwakeInstancesAfterBackupRestoration (0ms)
Assembly reference Packages/com.unity.cinemachine/Editor/Samples/ExposeHDRPInternals/HDRP-Editor-ref.asmref has no target assembly definition
========================================================================
Worker process is ready to serve import requests
Import Worker Mode flag is 0x00
Assembly reference Packages/com.unity.cinemachine/Editor/Samples/ExposeHDRPInternals/HDRP-Editor-ref.asmref has no target assembly definition
Assembly reference Packages/com.unity.cinemachine/Editor/Samples/ExposeHDRPInternals/HDRP-Editor-ref.asmref has no target assembly definition
Begin MonoManager ReloadAssembly
- Loaded All Assemblies, in  0.795 seconds
Assembly reference Packages/com.unity.cinemachine/Editor/Samples/ExposeHDRPInternals/HDRP-Editor-ref.asmref has no target assembly definition
'Packages/com.unity.cinemachine/Editor/Obsolete/CinemachineVirtualCameraBaseEditor.cs' contains partial class of Unity.Object, exactly 1 of the partial classes needs to be in a file with the same filename. This is to know the one that can be referenced from ie. GameObjects
'Packages/com.unity.cinemachine/Editor/Editors/CinemachineVirtualCameraBaseEditor.cs' contains partial class of Unity.Object, exactly 1 of the partial classes needs to be in a file with the same filename. This is to know the one that can be referenced from ie. GameObjects
Refreshing native plugins compatible for Editor in 1.82 ms, found 4 plugins.
Native extension for iOS target not found
Native extension for WindowsStandalone target not found
Native extension for WebGL target not found
Assembly reference Packages/com.unity.cinemachine/Editor/Samples/ExposeHDRPInternals/HDRP-Editor-ref.asmref has no target assembly definition
Package Manager log level set to [2]
[Package Manager] Failed to launch server process. Reason: Unity was launched with the -noUpm command-line argument
[Package Manager] Unable to send message (not connected to server process).
[Package Manager] Cannot connect to Unity Package Manager local server
Mono: successfully reloaded assembly
- Finished resetting the current domain, in  1.018 seconds
Domain Reload Profiling: 1807ms
	BeginReloadAssembly (164ms)
		ExecutionOrderSort (0ms)
		DisableScriptedObjects (6ms)
		BackupInstance (0ms)
		ReleaseScriptingObjects (0ms)
		CreateAndSetChildDomain (29ms)
	RebuildCommonClasses (36ms)
	RebuildNativeTypeToScriptingClass (10ms)
	initialDomainReloadingComplete (41ms)
	LoadAllAssembliesAndSetupDomain (535ms)
		LoadAssemblies (357ms)
		RebuildTransferFunctionScriptingTraits (0ms)
		AnalyzeDomain (276ms)
			TypeCache.Refresh (185ms)
				TypeCache.ScanAssembly (172ms)
			BuildScriptInfoCaches (76ms)
			ResolveRequiredComponents (11ms)
	FinalizeReload (1019ms)
		ReleaseScriptCaches (0ms)
		RebuildScriptCaches (0ms)
		SetupLoadedEditorAssemblies (867ms)
			LogAssemblyErrors (0ms)
			InitializePlatformSupportModulesInManaged (23ms)
			SetLoadedEditorAssemblies (4ms)
			BeforeProcessingInitializeOnLoad (120ms)
			ProcessInitializeOnLoadAttributes (594ms)
			ProcessInitializeOnLoadMethodAttributes (118ms)
			AfterProcessingInitializeOnLoad (8ms)
			EditorAssembliesLoaded (0ms)
		ExecutionOrderSort2 (0ms)
		AwakeInstancesAfterBackupRestoration (8ms)
Launched and connected shader compiler UnityShaderCompiler.exe after 0.01 seconds
Refreshing native plugins compatible for Editor in 1.86 ms, found 4 plugins.
Preloading 0 native plugins for Editor in 0.00 ms.
Unloading 208 Unused Serialized files (Serialized files now loaded: 0)
Unloading 7066 unused Assets / (4.6 MB). Loaded Objects now: 7764.
Memory consumption went from 180.3 MB to 175.6 MB.
Total: 8.765900 ms (FindLiveObjects: 0.732100 ms CreateObjectMapping: 0.569500 ms MarkObjects: 5.159400 ms  DeleteObjects: 2.303400 ms)

========================================================================
Received Import Request.
  Time since last request: 709280.268054 seconds.
  path: Assets/Scenes/SampleScene.unity
  artifactKey: Guid(8c9cfa26abfee488c85f1582747f6a02) Importer(2089858483,192608db42251d675da83286b1cce702)
Start importing Assets/Scenes/SampleScene.unity using Guid(8c9cfa26abfee488c85f1582747f6a02) Importer(2089858483,192608db42251d675da83286b1cce702) (ScriptedImporter) -> (artifact id: 'fdc64257589e40bf21dad2be124d8a10') in 0.1523975 seconds
Number of updated asset objects reloaded before import = 0Number of asset objects unloaded after import = 1

========================================================================
Received Prepare
Assembly reference Packages/com.unity.cinemachine/Editor/Samples/ExposeHDRPInternals/HDRP-Editor-ref.asmref has no target assembly definition
Assembly reference Packages/com.unity.cinemachine/Editor/Samples/ExposeHDRPInternals/HDRP-Editor-ref.asmref has no target assembly definition
Begin MonoManager ReloadAssembly
- Loaded All Assemblies, in  0.812 seconds
Assembly reference Packages/com.unity.cinemachine/Editor/Samples/ExposeHDRPInternals/HDRP-Editor-ref.asmref has no target assembly definition
'Packages/com.unity.cinemachine/Editor/Obsolete/CinemachineVirtualCameraBaseEditor.cs' contains partial class of Unity.Object, exactly 1 of the partial classes needs to be in a file with the same filename. This is to know the one that can be referenced from ie. GameObjects
'Packages/com.unity.cinemachine/Editor/Editors/CinemachineVirtualCameraBaseEditor.cs' contains partial class of Unity.Object, exactly 1 of the partial classes needs to be in a file with the same filename. This is to know the one that can be referenced from ie. GameObjects
Refreshing native plugins compatible for Editor in 2.19 ms, found 4 plugins.
Native extension for iOS target not found
Native extension for WindowsStandalone target not found
Native extension for WebGL target not found
Assembly reference Packages/com.unity.cinemachine/Editor/Samples/ExposeHDRPInternals/HDRP-Editor-ref.asmref has no target assembly definition
[Package Manager] Failed to launch server process. Reason: Unity was launched with the -noUpm command-line argument
[Package Manager] Unable to send message (not connected to server process).
[Package Manager] Cannot connect to Unity Package Manager local server
Mono: successfully reloaded assembly
- Finished resetting the current domain, in  1.120 seconds
Domain Reload Profiling: 1928ms
	BeginReloadAssembly (236ms)
		ExecutionOrderSort (0ms)
		DisableScriptedObjects (13ms)
		BackupInstance (0ms)
		ReleaseScriptingObjects (0ms)
		CreateAndSetChildDomain (75ms)
	RebuildCommonClasses (39ms)
	RebuildNativeTypeToScriptingClass (14ms)
	initialDomainReloadingComplete (31ms)
	LoadAllAssembliesAndSetupDomain (487ms)
		LoadAssemblies (381ms)
		RebuildTransferFunctionScriptingTraits (0ms)
		AnalyzeDomain (207ms)
			TypeCache.Refresh (8ms)
				TypeCache.ScanAssembly (0ms)
			BuildScriptInfoCaches (186ms)
			ResolveRequiredComponents (11ms)
	FinalizeReload (1121ms)
		ReleaseScriptCaches (0ms)
		RebuildScriptCaches (0ms)
		SetupLoadedEditorAssemblies (926ms)
			LogAssemblyErrors (0ms)
			InitializePlatformSupportModulesInManaged (27ms)
			SetLoadedEditorAssemblies (4ms)
			BeforeProcessingInitializeOnLoad (136ms)
			ProcessInitializeOnLoadAttributes (676ms)
			ProcessInitializeOnLoadMethodAttributes (74ms)
			AfterProcessingInitializeOnLoad (8ms)
			EditorAssembliesLoaded (0ms)
		ExecutionOrderSort2 (0ms)
		AwakeInstancesAfterBackupRestoration (12ms)
Refreshing native plugins compatible for Editor in 2.43 ms, found 4 plugins.
Preloading 0 native plugins for Editor in 0.00 ms.
Unloading 14 Unused Serialized files (Serialized files now loaded: 0)
Unloading 7064 unused Assets / (4.9 MB). Loaded Objects now: 7770.
Memory consumption went from 149.3 MB to 144.4 MB.
Total: 16.912900 ms (FindLiveObjects: 1.129500 ms CreateObjectMapping: 1.361700 ms MarkObjects: 9.141300 ms  DeleteObjects: 5.278500 ms)

Prepare: number of updated asset objects reloaded= 0
========================================================================
Received Prepare
Assembly reference Packages/com.unity.cinemachine/Editor/Samples/ExposeHDRPInternals/HDRP-Editor-ref.asmref has no target assembly definition
Assembly reference Packages/com.unity.cinemachine/Editor/Samples/ExposeHDRPInternals/HDRP-Editor-ref.asmref has no target assembly definition
Begin MonoManager ReloadAssembly
- Loaded All Assemblies, in  0.852 seconds
Assembly reference Packages/com.unity.cinemachine/Editor/Samples/ExposeHDRPInternals/HDRP-Editor-ref.asmref has no target assembly definition
'Packages/com.unity.cinemachine/Editor/Obsolete/CinemachineVirtualCameraBaseEditor.cs' contains partial class of Unity.Object, exactly 1 of the partial classes needs to be in a file with the same filename. This is to know the one that can be referenced from ie. GameObjects
'Packages/com.unity.cinemachine/Editor/Editors/CinemachineVirtualCameraBaseEditor.cs' contains partial class of Unity.Object, exactly 1 of the partial classes needs to be in a file with the same filename. This is to know the one that can be referenced from ie. GameObjects
Refreshing native plugins compatible for Editor in 2.74 ms, found 4 plugins.
Native extension for iOS target not found
Native extension for WindowsStandalone target not found
Native extension for WebGL target not found
Assembly reference Packages/com.unity.cinemachine/Editor/Samples/ExposeHDRPInternals/HDRP-Editor-ref.asmref has no target assembly definition
[Package Manager] Failed to launch server process. Reason: Unity was launched with the -noUpm command-line argument
[Package Manager] Unable to send message (not connected to server process).
[Package Manager] Cannot connect to Unity Package Manager local server
Mono: successfully reloaded assembly
- Finished resetting the current domain, in  1.186 seconds
Domain Reload Profiling: 2035ms
	BeginReloadAssembly (218ms)
		ExecutionOrderSort (0ms)
		DisableScriptedObjects (14ms)
		BackupInstance (0ms)
		ReleaseScriptingObjects (0ms)
		CreateAndSetChildDomain (60ms)
	RebuildCommonClasses (38ms)
	RebuildNativeTypeToScriptingClass (11ms)
	initialDomainReloadingComplete (29ms)
	LoadAllAssembliesAndSetupDomain (552ms)
		LoadAssemblies (437ms)
		RebuildTransferFunctionScriptingTraits (0ms)
		AnalyzeDomain (211ms)
			TypeCache.Refresh (8ms)
				TypeCache.ScanAssembly (0ms)
			BuildScriptInfoCaches (188ms)
			ResolveRequiredComponents (11ms)
	FinalizeReload (1187ms)
		ReleaseScriptCaches (0ms)
		RebuildScriptCaches (0ms)
		SetupLoadedEditorAssemblies (976ms)
			LogAssemblyErrors (0ms)
			InitializePlatformSupportModulesInManaged (26ms)
			SetLoadedEditorAssemblies (4ms)
			BeforeProcessingInitializeOnLoad (211ms)
			ProcessInitializeOnLoadAttributes (644ms)
			ProcessInitializeOnLoadMethodAttributes (81ms)
			AfterProcessingInitializeOnLoad (11ms)
			EditorAssembliesLoaded (0ms)
		ExecutionOrderSort2 (0ms)
		AwakeInstancesAfterBackupRestoration (19ms)
Refreshing native plugins compatible for Editor in 2.39 ms, found 4 plugins.
Preloading 0 native plugins for Editor in 0.00 ms.
Unloading 14 Unused Serialized files (Serialized files now loaded: 0)
Unloading 7064 unused Assets / (4.7 MB). Loaded Objects now: 7773.
Memory consumption went from 149.3 MB to 144.5 MB.
Total: 13.320300 ms (FindLiveObjects: 0.704600 ms CreateObjectMapping: 1.309100 ms MarkObjects: 7.876300 ms  DeleteObjects: 3.428900 ms)

Prepare: number of updated asset objects reloaded= 0
========================================================================
Received Prepare
Assembly reference Packages/com.unity.cinemachine/Editor/Samples/ExposeHDRPInternals/HDRP-Editor-ref.asmref has no target assembly definition
Assembly reference Packages/com.unity.cinemachine/Editor/Samples/ExposeHDRPInternals/HDRP-Editor-ref.asmref has no target assembly definition
Begin MonoManager ReloadAssembly
- Loaded All Assemblies, in  0.728 seconds
Assembly reference Packages/com.unity.cinemachine/Editor/Samples/ExposeHDRPInternals/HDRP-Editor-ref.asmref has no target assembly definition
'Packages/com.unity.cinemachine/Editor/Obsolete/CinemachineVirtualCameraBaseEditor.cs' contains partial class of Unity.Object, exactly 1 of the partial classes needs to be in a file with the same filename. This is to know the one that can be referenced from ie. GameObjects
'Packages/com.unity.cinemachine/Editor/Editors/CinemachineVirtualCameraBaseEditor.cs' contains partial class of Unity.Object, exactly 1 of the partial classes needs to be in a file with the same filename. This is to know the one that can be referenced from ie. GameObjects
Refreshing native plugins compatible for Editor in 1.76 ms, found 4 plugins.
Native extension for iOS target not found
Native extension for WindowsStandalone target not found
Native extension for WebGL target not found
Assembly reference Packages/com.unity.cinemachine/Editor/Samples/ExposeHDRPInternals/HDRP-Editor-ref.asmref has no target assembly definition
[Package Manager] Failed to launch server process. Reason: Unity was launched with the -noUpm command-line argument
[Package Manager] Unable to send message (not connected to server process).
[Package Manager] Cannot connect to Unity Package Manager local server
Mono: successfully reloaded assembly
- Finished resetting the current domain, in  0.996 seconds
Domain Reload Profiling: 1722ms
	BeginReloadAssembly (194ms)
		ExecutionOrderSort (0ms)
		DisableScriptedObjects (13ms)
		BackupInstance (0ms)
		ReleaseScriptingObjects (0ms)
		CreateAndSetChildDomain (49ms)
	RebuildCommonClasses (32ms)
	RebuildNativeTypeToScriptingClass (11ms)
	initialDomainReloadingComplete (30ms)
	LoadAllAssembliesAndSetupDomain (457ms)
		LoadAssemblies (344ms)
		RebuildTransferFunctionScriptingTraits (0ms)
		AnalyzeDomain (203ms)
			TypeCache.Refresh (6ms)
				TypeCache.ScanAssembly (0ms)
			BuildScriptInfoCaches (183ms)
			ResolveRequiredComponents (11ms)
	FinalizeReload (997ms)
		ReleaseScriptCaches (0ms)
		RebuildScriptCaches (0ms)
		SetupLoadedEditorAssemblies (803ms)
			LogAssemblyErrors (0ms)
			InitializePlatformSupportModulesInManaged (23ms)
			SetLoadedEditorAssemblies (4ms)
			BeforeProcessingInitializeOnLoad (118ms)
			ProcessInitializeOnLoadAttributes (575ms)
			ProcessInitializeOnLoadMethodAttributes (73ms)
			AfterProcessingInitializeOnLoad (9ms)
			EditorAssembliesLoaded (0ms)
		ExecutionOrderSort2 (0ms)
		AwakeInstancesAfterBackupRestoration (19ms)
Refreshing native plugins compatible for Editor in 2.48 ms, found 4 plugins.
Preloading 0 native plugins for Editor in 0.00 ms.
Unloading 14 Unused Serialized files (Serialized files now loaded: 0)
Unloading 7064 unused Assets / (4.5 MB). Loaded Objects now: 7776.
Memory consumption went from 149.3 MB to 144.8 MB.
Total: 12.189900 ms (FindLiveObjects: 0.994900 ms CreateObjectMapping: 0.965700 ms MarkObjects: 6.932600 ms  DeleteObjects: 3.294900 ms)

Prepare: number of updated asset objects reloaded= 0
========================================================================
Received Prepare
Assembly reference Packages/com.unity.cinemachine/Editor/Samples/ExposeHDRPInternals/HDRP-Editor-ref.asmref has no target assembly definition
Assembly reference Packages/com.unity.cinemachine/Editor/Samples/ExposeHDRPInternals/HDRP-Editor-ref.asmref has no target assembly definition
Begin MonoManager ReloadAssembly
- Loaded All Assemblies, in  0.735 seconds
Assembly reference Packages/com.unity.cinemachine/Editor/Samples/ExposeHDRPInternals/HDRP-Editor-ref.asmref has no target assembly definition
'Packages/com.unity.cinemachine/Editor/Obsolete/CinemachineVirtualCameraBaseEditor.cs' contains partial class of Unity.Object, exactly 1 of the partial classes needs to be in a file with the same filename. This is to know the one that can be referenced from ie. GameObjects
'Packages/com.unity.cinemachine/Editor/Editors/CinemachineVirtualCameraBaseEditor.cs' contains partial class of Unity.Object, exactly 1 of the partial classes needs to be in a file with the same filename. This is to know the one that can be referenced from ie. GameObjects
Refreshing native plugins compatible for Editor in 1.85 ms, found 4 plugins.
Native extension for iOS target not found
Native extension for WindowsStandalone target not found
Native extension for WebGL target not found
Assembly reference Packages/com.unity.cinemachine/Editor/Samples/ExposeHDRPInternals/HDRP-Editor-ref.asmref has no target assembly definition
[Package Manager] Failed to launch server process. Reason: Unity was launched with the -noUpm command-line argument
[Package Manager] Unable to send message (not connected to server process).
[Package Manager] Cannot connect to Unity Package Manager local server
Mono: successfully reloaded assembly
- Finished resetting the current domain, in  1.029 seconds
Domain Reload Profiling: 1760ms
	BeginReloadAssembly (198ms)
		ExecutionOrderSort (0ms)
		DisableScriptedObjects (13ms)
		BackupInstance (0ms)
		ReleaseScriptingObjects (0ms)
		CreateAndSetChildDomain (51ms)
	RebuildCommonClasses (32ms)
	RebuildNativeTypeToScriptingClass (11ms)
	initialDomainReloadingComplete (30ms)
	LoadAllAssembliesAndSetupDomain (461ms)
		LoadAssemblies (346ms)
		RebuildTransferFunctionScriptingTraits (0ms)
		AnalyzeDomain (205ms)
			TypeCache.Refresh (7ms)
				TypeCache.ScanAssembly (0ms)
			BuildScriptInfoCaches (184ms)
			ResolveRequiredComponents (10ms)
	FinalizeReload (1029ms)
		ReleaseScriptCaches (0ms)
		RebuildScriptCaches (0ms)
		SetupLoadedEditorAssemblies (817ms)
			LogAssemblyErrors (0ms)
			InitializePlatformSupportModulesInManaged (26ms)
			SetLoadedEditorAssemblies (5ms)
			BeforeProcessingInitializeOnLoad (123ms)
			ProcessInitializeOnLoadAttributes (581ms)
			ProcessInitializeOnLoadMethodAttributes (72ms)
			AfterProcessingInitializeOnLoad (10ms)
			EditorAssembliesLoaded (0ms)
		ExecutionOrderSort2 (0ms)
		AwakeInstancesAfterBackupRestoration (17ms)
Refreshing native plugins compatible for Editor in 2.93 ms, found 4 plugins.
Preloading 0 native plugins for Editor in 0.00 ms.
Unloading 14 Unused Serialized files (Serialized files now loaded: 0)
Unloading 7064 unused Assets / (4.9 MB). Loaded Objects now: 7779.
Memory consumption went from 149.3 MB to 144.4 MB.
Total: 14.335100 ms (FindLiveObjects: 1.218000 ms CreateObjectMapping: 1.398500 ms MarkObjects: 6.478000 ms  DeleteObjects: 5.237700 ms)

Prepare: number of updated asset objects reloaded= 0
========================================================================
Received Import Request.
  Time since last request: 327.116133 seconds.
  path: Assets/ChangeRooms.cs
  artifactKey: Guid(a78702c76c55f754bb075d9b2ccec94c) Importer(815301076,1909f56bfc062723c751e8b465ee728b)
Start importing Assets/ChangeRooms.cs using Guid(a78702c76c55f754bb075d9b2ccec94c) Importer(815301076,1909f56bfc062723c751e8b465ee728b) (PreviewImporter) -> (artifact id: 'dffdc0c709ebac8cd261123fc624225a') in 0.0016401 seconds
Number of updated asset objects reloaded before import = 0Number of asset objects unloaded after import = 0

========================================================================
Received Import Request.
  Time since last request: 0.417380 seconds.
  path: Assets/CameraBoundaryManager.cs
  artifactKey: Guid(b48ad16fdab74ad4c8080e3962454a98) Importer(815301076,1909f56bfc062723c751e8b465ee728b)
Start importing Assets/CameraBoundaryManager.cs using Guid(b48ad16fdab74ad4c8080e3962454a98) Importer(815301076,1909f56bfc062723c751e8b465ee728b) (PreviewImporter) -> (artifact id: 'd1a99d5b34205c516973686d738059ee') in 0.0005528 seconds
Number of updated asset objects reloaded before import = 0Number of asset objects unloaded after import = 0

========================================================================
Received Prepare
'Packages/com.unity.cinemachine/Editor/Obsolete/CinemachineVirtualCameraBaseEditor.cs' contains partial class of Unity.Object, exactly 1 of the partial classes needs to be in a file with the same filename. This is to know the one that can be referenced from ie. GameObjects
'Packages/com.unity.cinemachine/Editor/Editors/CinemachineVirtualCameraBaseEditor.cs' contains partial class of Unity.Object, exactly 1 of the partial classes needs to be in a file with the same filename. This is to know the one that can be referenced from ie. GameObjects
Refreshing native plugins compatible for Editor in 2.51 ms, found 4 plugins.
Preloading 0 native plugins for Editor in 0.00 ms.
Unloading 14 Unused Serialized files (Serialized files now loaded: 0)
Unloading 7053 unused Assets / (5.0 MB). Loaded Objects now: 7779.
Memory consumption went from 149.5 MB to 144.5 MB.
Total: 12.079700 ms (FindLiveObjects: 0.938000 ms CreateObjectMapping: 0.814000 ms MarkObjects: 7.067500 ms  DeleteObjects: 3.258700 ms)

Prepare: number of updated asset objects reloaded= 0
========================================================================
Received Prepare
Assembly reference Packages/com.unity.cinemachine/Editor/Samples/ExposeHDRPInternals/HDRP-Editor-ref.asmref has no target assembly definition
Assembly reference Packages/com.unity.cinemachine/Editor/Samples/ExposeHDRPInternals/HDRP-Editor-ref.asmref has no target assembly definition
Begin MonoManager ReloadAssembly
- Loaded All Assemblies, in  0.916 seconds
Assembly reference Packages/com.unity.cinemachine/Editor/Samples/ExposeHDRPInternals/HDRP-Editor-ref.asmref has no target assembly definition
'Packages/com.unity.cinemachine/Editor/Obsolete/CinemachineVirtualCameraBaseEditor.cs' contains partial class of Unity.Object, exactly 1 of the partial classes needs to be in a file with the same filename. This is to know the one that can be referenced from ie. GameObjects
'Packages/com.unity.cinemachine/Editor/Editors/CinemachineVirtualCameraBaseEditor.cs' contains partial class of Unity.Object, exactly 1 of the partial classes needs to be in a file with the same filename. This is to know the one that can be referenced from ie. GameObjects
Refreshing native plugins compatible for Editor in 2.49 ms, found 4 plugins.
Native extension for iOS target not found
Native extension for WindowsStandalone target not found
Native extension for WebGL target not found
Assembly reference Packages/com.unity.cinemachine/Editor/Samples/ExposeHDRPInternals/HDRP-Editor-ref.asmref has no target assembly definition
[Package Manager] Failed to launch server process. Reason: Unity was launched with the -noUpm command-line argument
[Package Manager] Unable to send message (not connected to server process).
[Package Manager] Cannot connect to Unity Package Manager local server
Mono: successfully reloaded assembly
- Finished resetting the current domain, in  0.983 seconds
Domain Reload Profiling: 1893ms
	BeginReloadAssembly (241ms)
		ExecutionOrderSort (0ms)
		DisableScriptedObjects (13ms)
		BackupInstance (0ms)
		ReleaseScriptingObjects (0ms)
		CreateAndSetChildDomain (53ms)
	RebuildCommonClasses (42ms)
	RebuildNativeTypeToScriptingClass (15ms)
	initialDomainReloadingComplete (37ms)
	LoadAllAssembliesAndSetupDomain (575ms)
		LoadAssemblies (435ms)
		RebuildTransferFunctionScriptingTraits (0ms)
		AnalyzeDomain (265ms)
			TypeCache.Refresh (10ms)
				TypeCache.ScanAssembly (0ms)
			BuildScriptInfoCaches (238ms)
			ResolveRequiredComponents (13ms)
	FinalizeReload (983ms)
		ReleaseScriptCaches (0ms)
		RebuildScriptCaches (0ms)
		SetupLoadedEditorAssemblies (776ms)
			LogAssemblyErrors (0ms)
			InitializePlatformSupportModulesInManaged (28ms)
			SetLoadedEditorAssemblies (5ms)
			BeforeProcessingInitializeOnLoad (143ms)
			ProcessInitializeOnLoadAttributes (536ms)
			ProcessInitializeOnLoadMethodAttributes (56ms)
			AfterProcessingInitializeOnLoad (7ms)
			EditorAssembliesLoaded (0ms)
		ExecutionOrderSort2 (0ms)
		AwakeInstancesAfterBackupRestoration (12ms)
Refreshing native plugins compatible for Editor in 2.01 ms, found 4 plugins.
Preloading 0 native plugins for Editor in 0.00 ms.
Unloading 14 Unused Serialized files (Serialized files now loaded: 0)
Unloading 7064 unused Assets / (4.5 MB). Loaded Objects now: 7782.
Memory consumption went from 151.2 MB to 146.7 MB.
Total: 7.869400 ms (FindLiveObjects: 0.625700 ms CreateObjectMapping: 0.424400 ms MarkObjects: 4.578200 ms  DeleteObjects: 2.240300 ms)

Prepare: number of updated asset objects reloaded= 0
========================================================================
Received Prepare
Assembly reference Packages/com.unity.cinemachine/Editor/Samples/ExposeHDRPInternals/HDRP-Editor-ref.asmref has no target assembly definition
Assembly reference Packages/com.unity.cinemachine/Editor/Samples/ExposeHDRPInternals/HDRP-Editor-ref.asmref has no target assembly definition
Begin MonoManager ReloadAssembly
- Loaded All Assemblies, in  0.800 seconds
Assembly reference Packages/com.unity.cinemachine/Editor/Samples/ExposeHDRPInternals/HDRP-Editor-ref.asmref has no target assembly definition
'Packages/com.unity.cinemachine/Editor/Obsolete/CinemachineVirtualCameraBaseEditor.cs' contains partial class of Unity.Object, exactly 1 of the partial classes needs to be in a file with the same filename. This is to know the one that can be referenced from ie. GameObjects
'Packages/com.unity.cinemachine/Editor/Editors/CinemachineVirtualCameraBaseEditor.cs' contains partial class of Unity.Object, exactly 1 of the partial classes needs to be in a file with the same filename. This is to know the one that can be referenced from ie. GameObjects
Refreshing native plugins compatible for Editor in 2.34 ms, found 4 plugins.
Native extension for iOS target not found
Native extension for WindowsStandalone target not found
Native extension for WebGL target not found
Assembly reference Packages/com.unity.cinemachine/Editor/Samples/ExposeHDRPInternals/HDRP-Editor-ref.asmref has no target assembly definition
[Package Manager] Failed to launch server process. Reason: Unity was launched with the -noUpm command-line argument
[Package Manager] Unable to send message (not connected to server process).
[Package Manager] Cannot connect to Unity Package Manager local server
Mono: successfully reloaded assembly
- Finished resetting the current domain, in  1.031 seconds
Domain Reload Profiling: 1827ms
	BeginReloadAssembly (201ms)
		ExecutionOrderSort (0ms)
		DisableScriptedObjects (13ms)
		BackupInstance (0ms)
		ReleaseScriptingObjects (0ms)
		CreateAndSetChildDomain (50ms)
	RebuildCommonClasses (32ms)
	RebuildNativeTypeToScriptingClass (11ms)
	initialDomainReloadingComplete (30ms)
	LoadAllAssembliesAndSetupDomain (522ms)
		LoadAssemblies (356ms)
		RebuildTransferFunctionScriptingTraits (0ms)
		AnalyzeDomain (259ms)
			TypeCache.Refresh (6ms)
				TypeCache.ScanAssembly (0ms)
			BuildScriptInfoCaches (239ms)
			ResolveRequiredComponents (11ms)
	FinalizeReload (1031ms)
		ReleaseScriptCaches (0ms)
		RebuildScriptCaches (0ms)
		SetupLoadedEditorAssemblies (839ms)
			LogAssemblyErrors (0ms)
			InitializePlatformSupportModulesInManaged (22ms)
			SetLoadedEditorAssemblies (5ms)
			BeforeProcessingInitializeOnLoad (121ms)
			ProcessInitializeOnLoadAttributes (604ms)
			ProcessInitializeOnLoadMethodAttributes (75ms)
			AfterProcessingInitializeOnLoad (11ms)
			EditorAssembliesLoaded (1ms)
		ExecutionOrderSort2 (0ms)
		AwakeInstancesAfterBackupRestoration (18ms)
Refreshing native plugins compatible for Editor in 2.98 ms, found 4 plugins.
Preloading 0 native plugins for Editor in 0.00 ms.
Unloading 14 Unused Serialized files (Serialized files now loaded: 0)
Unloading 7064 unused Assets / (4.7 MB). Loaded Objects now: 7785.
Memory consumption went from 151.2 MB to 146.5 MB.
Total: 11.932600 ms (FindLiveObjects: 0.711200 ms CreateObjectMapping: 1.123700 ms MarkObjects: 6.730600 ms  DeleteObjects: 3.365200 ms)

Prepare: number of updated asset objects reloaded= 0
========================================================================
Received Prepare
Assembly reference Packages/com.unity.cinemachine/Editor/Samples/ExposeHDRPInternals/HDRP-Editor-ref.asmref has no target assembly definition
Assembly reference Packages/com.unity.cinemachine/Editor/Samples/ExposeHDRPInternals/HDRP-Editor-ref.asmref has no target assembly definition
Begin MonoManager ReloadAssembly
- Loaded All Assemblies, in  0.754 seconds
Assembly reference Packages/com.unity.cinemachine/Editor/Samples/ExposeHDRPInternals/HDRP-Editor-ref.asmref has no target assembly definition
'Packages/com.unity.cinemachine/Editor/Obsolete/CinemachineVirtualCameraBaseEditor.cs' contains partial class of Unity.Object, exactly 1 of the partial classes needs to be in a file with the same filename. This is to know the one that can be referenced from ie. GameObjects
'Packages/com.unity.cinemachine/Editor/Editors/CinemachineVirtualCameraBaseEditor.cs' contains partial class of Unity.Object, exactly 1 of the partial classes needs to be in a file with the same filename. This is to know the one that can be referenced from ie. GameObjects
Refreshing native plugins compatible for Editor in 2.54 ms, found 4 plugins.
Native extension for iOS target not found
Native extension for WindowsStandalone target not found
Native extension for WebGL target not found
Assembly reference Packages/com.unity.cinemachine/Editor/Samples/ExposeHDRPInternals/HDRP-Editor-ref.asmref has no target assembly definition
[Package Manager] Failed to launch server process. Reason: Unity was launched with the -noUpm command-line argument
[Package Manager] Unable to send message (not connected to server process).
[Package Manager] Cannot connect to Unity Package Manager local server
Mono: successfully reloaded assembly
- Finished resetting the current domain, in  1.070 seconds
Domain Reload Profiling: 1822ms
	BeginReloadAssembly (200ms)
		ExecutionOrderSort (0ms)
		DisableScriptedObjects (13ms)
		BackupInstance (0ms)
		ReleaseScriptingObjects (0ms)
		CreateAndSetChildDomain (52ms)
	RebuildCommonClasses (33ms)
	RebuildNativeTypeToScriptingClass (11ms)
	initialDomainReloadingComplete (29ms)
	LoadAllAssembliesAndSetupDomain (480ms)
		LoadAssemblies (350ms)
		RebuildTransferFunctionScriptingTraits (0ms)
		AnalyzeDomain (220ms)
			TypeCache.Refresh (6ms)
				TypeCache.ScanAssembly (0ms)
			BuildScriptInfoCaches (189ms)
			ResolveRequiredComponents (20ms)
	FinalizeReload (1070ms)
		ReleaseScriptCaches (0ms)
		RebuildScriptCaches (0ms)
		SetupLoadedEditorAssemblies (871ms)
			LogAssemblyErrors (0ms)
			InitializePlatformSupportModulesInManaged (22ms)
			SetLoadedEditorAssemblies (6ms)
			BeforeProcessingInitializeOnLoad (135ms)
			ProcessInitializeOnLoadAttributes (626ms)
			ProcessInitializeOnLoadMethodAttributes (73ms)
			AfterProcessingInitializeOnLoad (9ms)
			EditorAssembliesLoaded (0ms)
		ExecutionOrderSort2 (0ms)
		AwakeInstancesAfterBackupRestoration (17ms)
Refreshing native plugins compatible for Editor in 1.94 ms, found 4 plugins.
Preloading 0 native plugins for Editor in 0.00 ms.
Unloading 14 Unused Serialized files (Serialized files now loaded: 0)
Unloading 7064 unused Assets / (4.9 MB). Loaded Objects now: 7788.
Memory consumption went from 151.3 MB to 146.4 MB.
Total: 12.517100 ms (FindLiveObjects: 0.771600 ms CreateObjectMapping: 0.663800 ms MarkObjects: 6.923100 ms  DeleteObjects: 4.156300 ms)

Prepare: number of updated asset objects reloaded= 0
========================================================================
Received Prepare
'Packages/com.unity.cinemachine/Editor/Obsolete/CinemachineVirtualCameraBaseEditor.cs' contains partial class of Unity.Object, exactly 1 of the partial classes needs to be in a file with the same filename. This is to know the one that can be referenced from ie. GameObjects
'Packages/com.unity.cinemachine/Editor/Editors/CinemachineVirtualCameraBaseEditor.cs' contains partial class of Unity.Object, exactly 1 of the partial classes needs to be in a file with the same filename. This is to know the one that can be referenced from ie. GameObjects
Refreshing native plugins compatible for Editor in 1.91 ms, found 4 plugins.
Preloading 0 native plugins for Editor in 0.00 ms.
Unloading 14 Unused Serialized files (Serialized files now loaded: 0)
Unloading 7054 unused Assets / (5.0 MB). Loaded Objects now: 7789.
Memory consumption went from 151.4 MB to 146.4 MB.
Total: 9.940200 ms (FindLiveObjects: 0.714600 ms CreateObjectMapping: 0.745600 ms MarkObjects: 5.724700 ms  DeleteObjects: 2.754000 ms)

Prepare: number of updated asset objects reloaded= 0
========================================================================
Received Import Request.
  Time since last request: 874.516537 seconds.
  path: Assets/ParallaxBackground.cs
  artifactKey: Guid(9956841298b64ad49a01861b11a3ec8e) Importer(815301076,1909f56bfc062723c751e8b465ee728b)
Start importing Assets/ParallaxBackground.cs using Guid(9956841298b64ad49a01861b11a3ec8e) Importer(815301076,1909f56bfc062723c751e8b465ee728b) (PreviewImporter) -> (artifact id: '82a6241e84385a043e0074a8777edc1c') in 0.0022072 seconds
Number of updated asset objects reloaded before import = 0Number of asset objects unloaded after import = 0

========================================================================
Received Prepare
Assembly reference Packages/com.unity.cinemachine/Editor/Samples/ExposeHDRPInternals/HDRP-Editor-ref.asmref has no target assembly definition
Assembly reference Packages/com.unity.cinemachine/Editor/Samples/ExposeHDRPInternals/HDRP-Editor-ref.asmref has no target assembly definition
Begin MonoManager ReloadAssembly
- Loaded All Assemblies, in  0.958 seconds
Assembly reference Packages/com.unity.cinemachine/Editor/Samples/ExposeHDRPInternals/HDRP-Editor-ref.asmref has no target assembly definition
'Packages/com.unity.cinemachine/Editor/Obsolete/CinemachineVirtualCameraBaseEditor.cs' contains partial class of Unity.Object, exactly 1 of the partial classes needs to be in a file with the same filename. This is to know the one that can be referenced from ie. GameObjects
'Packages/com.unity.cinemachine/Editor/Editors/CinemachineVirtualCameraBaseEditor.cs' contains partial class of Unity.Object, exactly 1 of the partial classes needs to be in a file with the same filename. This is to know the one that can be referenced from ie. GameObjects
Refreshing native plugins compatible for Editor in 2.59 ms, found 4 plugins.
Native extension for iOS target not found
Native extension for WindowsStandalone target not found
Native extension for WebGL target not found
Assembly reference Packages/com.unity.cinemachine/Editor/Samples/ExposeHDRPInternals/HDRP-Editor-ref.asmref has no target assembly definition
[Package Manager] Failed to launch server process. Reason: Unity was launched with the -noUpm command-line argument
[Package Manager] Unable to send message (not connected to server process).
[Package Manager] Cannot connect to Unity Package Manager local server
Mono: successfully reloaded assembly
- Finished resetting the current domain, in  1.182 seconds
Domain Reload Profiling: 2135ms
	BeginReloadAssembly (239ms)
		ExecutionOrderSort (0ms)
		DisableScriptedObjects (13ms)
		BackupInstance (0ms)
		ReleaseScriptingObjects (0ms)
		CreateAndSetChildDomain (57ms)
	RebuildCommonClasses (47ms)
	RebuildNativeTypeToScriptingClass (13ms)
	initialDomainReloadingComplete (32ms)
	LoadAllAssembliesAndSetupDomain (622ms)
		LoadAssemblies (480ms)
		RebuildTransferFunctionScriptingTraits (0ms)
		AnalyzeDomain (262ms)
			TypeCache.Refresh (11ms)
				TypeCache.ScanAssembly (0ms)
			BuildScriptInfoCaches (237ms)
			ResolveRequiredComponents (11ms)
	FinalizeReload (1182ms)
		ReleaseScriptCaches (0ms)
		RebuildScriptCaches (0ms)
		SetupLoadedEditorAssemblies (937ms)
			LogAssemblyErrors (0ms)
			InitializePlatformSupportModulesInManaged (30ms)
			SetLoadedEditorAssemblies (8ms)
			BeforeProcessingInitializeOnLoad (163ms)
			ProcessInitializeOnLoadAttributes (650ms)
			ProcessInitializeOnLoadMethodAttributes (73ms)
			AfterProcessingInitializeOnLoad (12ms)
			EditorAssembliesLoaded (0ms)
		ExecutionOrderSort2 (0ms)
		AwakeInstancesAfterBackupRestoration (19ms)
Refreshing native plugins compatible for Editor in 2.71 ms, found 4 plugins.
Preloading 0 native plugins for Editor in 0.00 ms.
Unloading 14 Unused Serialized files (Serialized files now loaded: 0)
Unloading 7065 unused Assets / (4.0 MB). Loaded Objects now: 7792.
Memory consumption went from 151.3 MB to 147.3 MB.
Total: 12.243100 ms (FindLiveObjects: 1.004700 ms CreateObjectMapping: 1.095500 ms MarkObjects: 7.222400 ms  DeleteObjects: 2.919200 ms)

Prepare: number of updated asset objects reloaded= 0
========================================================================
Received Import Request.
  Time since last request: 9.447900 seconds.
  path: Assets/ParallaxBackground.cs
  artifactKey: Guid(9956841298b64ad49a01861b11a3ec8e) Importer(815301076,1909f56bfc062723c751e8b465ee728b)
Start importing Assets/ParallaxBackground.cs using Guid(9956841298b64ad49a01861b11a3ec8e) Importer(815301076,1909f56bfc062723c751e8b465ee728b) (PreviewImporter) -> (artifact id: '00000000000000000000000000000000') in 0.0022075 seconds
Import Error Code:(4)
Message: Build asset version error: assets/parallaxbackground.cs in SourceAssetDB has modification time of '2025-11-09T17:13:49.7943732Z' while content on disk has modification time of '2025-11-09T17:13:56.3356578Z'
  ERROR: Build asset version error: assets/parallaxbackground.cs in SourceAssetDB has modification time of '2025-11-09T17:13:49.7943732Z' while content on disk has modification time of '2025-11-09T17:13:56.3356578Z'
Number of updated asset objects reloaded before import = 0Number of asset objects unloaded after import = 0

========================================================================
Received Import Request.
  Time since last request: 0.000018 seconds.
  path: Assets/ParallaxBackground.cs
  artifactKey: Guid(9956841298b64ad49a01861b11a3ec8e) Importer(815301076,1909f56bfc062723c751e8b465ee728b)
Start importing Assets/ParallaxBackground.cs using Guid(9956841298b64ad49a01861b11a3ec8e) Importer(815301076,1909f56bfc062723c751e8b465ee728b) (PreviewImporter) -> (artifact id: '00000000000000000000000000000000') in 0.0005219 seconds
Import Error Code:(4)
Message: Build asset version error: assets/parallaxbackground.cs in SourceAssetDB has modification time of '2025-11-09T17:13:49.7943732Z' while content on disk has modification time of '2025-11-09T17:13:56.3356578Z'
  ERROR: Build asset version error: assets/parallaxbackground.cs in SourceAssetDB has modification time of '2025-11-09T17:13:49.7943732Z' while content on disk has modification time of '2025-11-09T17:13:56.3356578Z'
Number of updated asset objects reloaded before import = 0Number of asset objects unloaded after import = 0

========================================================================
Received Import Request.
  Time since last request: 0.000018 seconds.
  path: Assets/ParallaxBackground.cs
  artifactKey: Guid(9956841298b64ad49a01861b11a3ec8e) Importer(815301076,1909f56bfc062723c751e8b465ee728b)
Start importing Assets/ParallaxBackground.cs using Guid(9956841298b64ad49a01861b11a3ec8e) Importer(815301076,1909f56bfc062723c751e8b465ee728b) (PreviewImporter) -> (artifact id: '00000000000000000000000000000000') in 0.0005783 seconds
Import Error Code:(4)
Message: Build asset version error: assets/parallaxbackground.cs in SourceAssetDB has modification time of '2025-11-09T17:13:49.7943732Z' while content on disk has modification time of '2025-11-09T17:13:56.3356578Z'
  ERROR: Build asset version error: assets/parallaxbackground.cs in SourceAssetDB has modification time of '2025-11-09T17:13:49.7943732Z' while content on disk has modification time of '2025-11-09T17:13:56.3356578Z'
Number of updated asset objects reloaded before import = 0Number of asset objects unloaded after import = 0

========================================================================
Received Import Request.
  Time since last request: 0.000018 seconds.
  path: Assets/ParallaxBackground.cs
  artifactKey: Guid(9956841298b64ad49a01861b11a3ec8e) Importer(815301076,1909f56bfc062723c751e8b465ee728b)
Start importing Assets/ParallaxBackground.cs using Guid(9956841298b64ad49a01861b11a3ec8e) Importer(815301076,1909f56bfc062723c751e8b465ee728b) (PreviewImporter) -> (artifact id: '00000000000000000000000000000000') in 0.0005988 seconds
Import Error Code:(4)
Message: Build asset version error: assets/parallaxbackground.cs in SourceAssetDB has modification time of '2025-11-09T17:13:49.7943732Z' while content on disk has modification time of '2025-11-09T17:13:56.3356578Z'
  ERROR: Build asset version error: assets/parallaxbackground.cs in SourceAssetDB has modification time of '2025-11-09T17:13:49.7943732Z' while content on disk has modification time of '2025-11-09T17:13:56.3356578Z'
Number of updated asset objects reloaded before import = 0Number of asset objects unloaded after import = 0

========================================================================
Received Import Request.
  Time since last request: 0.000020 seconds.
  path: Assets/ParallaxBackground.cs
  artifactKey: Guid(9956841298b64ad49a01861b11a3ec8e) Importer(815301076,1909f56bfc062723c751e8b465ee728b)
Start importing Assets/ParallaxBackground.cs using Guid(9956841298b64ad49a01861b11a3ec8e) Importer(815301076,1909f56bfc062723c751e8b465ee728b) (PreviewImporter) -> (artifact id: '00000000000000000000000000000000') in 0.0007581 seconds
Import Error Code:(4)
Message: Build asset version error: assets/parallaxbackground.cs in SourceAssetDB has modification time of '2025-11-09T17:13:49.7943732Z' while content on disk has modification time of '2025-11-09T17:13:56.3356578Z'
  ERROR: Build asset version error: assets/parallaxbackground.cs in SourceAssetDB has modification time of '2025-11-09T17:13:49.7943732Z' while content on disk has modification time of '2025-11-09T17:13:56.3356578Z'
Number of updated asset objects reloaded before import = 0Number of asset objects unloaded after import = 0

========================================================================
Received Import Request.
  Time since last request: 0.000018 seconds.
  path: Assets/ParallaxBackground.cs
  artifactKey: Guid(9956841298b64ad49a01861b11a3ec8e) Importer(815301076,1909f56bfc062723c751e8b465ee728b)
Start importing Assets/ParallaxBackground.cs using Guid(9956841298b64ad49a01861b11a3ec8e) Importer(815301076,1909f56bfc062723c751e8b465ee728b) (PreviewImporter) -> (artifact id: '00000000000000000000000000000000') in 0.0007778 seconds
Import Error Code:(4)
Message: Build asset version error: assets/parallaxbackground.cs in SourceAssetDB has modification time of '2025-11-09T17:13:49.7943732Z' while content on disk has modification time of '2025-11-09T17:13:56.3356578Z'
  ERROR: Build asset version error: assets/parallaxbackground.cs in SourceAssetDB has modification time of '2025-11-09T17:13:49.7943732Z' while content on disk has modification time of '2025-11-09T17:13:56.3356578Z'
Number of updated asset objects reloaded before import = 0Number of asset objects unloaded after import = 0

========================================================================
Received Import Request.
  Time since last request: 0.000027 seconds.
  path: Assets/ParallaxBackground.cs
  artifactKey: Guid(9956841298b64ad49a01861b11a3ec8e) Importer(815301076,1909f56bfc062723c751e8b465ee728b)
Start importing Assets/ParallaxBackground.cs using Guid(9956841298b64ad49a01861b11a3ec8e) Importer(815301076,1909f56bfc062723c751e8b465ee728b) (PreviewImporter) -> (artifact id: '00000000000000000000000000000000') in 0.0007507 seconds
Import Error Code:(4)
Message: Build asset version error: assets/parallaxbackground.cs in SourceAssetDB has modification time of '2025-11-09T17:13:49.7943732Z' while content on disk has modification time of '2025-11-09T17:13:56.3356578Z'
  ERROR: Build asset version error: assets/parallaxbackground.cs in SourceAssetDB has modification time of '2025-11-09T17:13:49.7943732Z' while content on disk has modification time of '2025-11-09T17:13:56.3356578Z'
Number of updated asset objects reloaded before import = 0Number of asset objects unloaded after import = 0

========================================================================
Received Import Request.
  Time since last request: 0.000047 seconds.
  path: Assets/ParallaxBackground.cs
  artifactKey: Guid(9956841298b64ad49a01861b11a3ec8e) Importer(815301076,1909f56bfc062723c751e8b465ee728b)
Start importing Assets/ParallaxBackground.cs using Guid(9956841298b64ad49a01861b11a3ec8e) Importer(815301076,1909f56bfc062723c751e8b465ee728b) (PreviewImporter) -> (artifact id: '00000000000000000000000000000000') in 0.0007131 seconds
Import Error Code:(4)
Message: Build asset version error: assets/parallaxbackground.cs in SourceAssetDB has modification time of '2025-11-09T17:13:49.7943732Z' while content on disk has modification time of '2025-11-09T17:13:56.3356578Z'
  ERROR: Build asset version error: assets/parallaxbackground.cs in SourceAssetDB has modification time of '2025-11-09T17:13:49.7943732Z' while content on disk has modification time of '2025-11-09T17:13:56.3356578Z'
Number of updated asset objects reloaded before import = 0Number of asset objects unloaded after import = 0

========================================================================
Received Import Request.
  Time since last request: 0.000065 seconds.
  path: Assets/ParallaxBackground.cs
  artifactKey: Guid(9956841298b64ad49a01861b11a3ec8e) Importer(815301076,1909f56bfc062723c751e8b465ee728b)
Start importing Assets/ParallaxBackground.cs using Guid(9956841298b64ad49a01861b11a3ec8e) Importer(815301076,1909f56bfc062723c751e8b465ee728b) (PreviewImporter) -> (artifact id: '00000000000000000000000000000000') in 0.0006044 seconds
Import Error Code:(4)
Message: Build asset version error: assets/parallaxbackground.cs in SourceAssetDB has modification time of '2025-11-09T17:13:49.7943732Z' while content on disk has modification time of '2025-11-09T17:13:56.3356578Z'
  ERROR: Build asset version error: assets/parallaxbackground.cs in SourceAssetDB has modification time of '2025-11-09T17:13:49.7943732Z' while content on disk has modification time of '2025-11-09T17:13:56.3356578Z'
Number of updated asset objects reloaded before import = 0Number of asset objects unloaded after import = 0

========================================================================
Received Import Request.
  Time since last request: 0.000021 seconds.
  path: Assets/ParallaxBackground.cs
  artifactKey: Guid(9956841298b64ad49a01861b11a3ec8e) Importer(815301076,1909f56bfc062723c751e8b465ee728b)
Start importing Assets/ParallaxBackground.cs using Guid(9956841298b64ad49a01861b11a3ec8e) Importer(815301076,1909f56bfc062723c751e8b465ee728b) (PreviewImporter) -> (artifact id: '00000000000000000000000000000000') in 0.0010362 seconds
Import Error Code:(4)
Message: Build asset version error: assets/parallaxbackground.cs in SourceAssetDB has modification time of '2025-11-09T17:13:49.7943732Z' while content on disk has modification time of '2025-11-09T17:13:56.3356578Z'
  ERROR: Build asset version error: assets/parallaxbackground.cs in SourceAssetDB has modification time of '2025-11-09T17:13:49.7943732Z' while content on disk has modification time of '2025-11-09T17:13:56.3356578Z'
Number of updated asset objects reloaded before import = 0Number of asset objects unloaded after import = 0

========================================================================
Received Import Request.
  Time since last request: 0.000017 seconds.
  path: Assets/ParallaxBackground.cs
  artifactKey: Guid(9956841298b64ad49a01861b11a3ec8e) Importer(815301076,1909f56bfc062723c751e8b465ee728b)
Start importing Assets/ParallaxBackground.cs using Guid(9956841298b64ad49a01861b11a3ec8e) Importer(815301076,1909f56bfc062723c751e8b465ee728b) (PreviewImporter) -> (artifact id: '00000000000000000000000000000000') in 0.0005458 seconds
Import Error Code:(4)
Message: Build asset version error: assets/parallaxbackground.cs in SourceAssetDB has modification time of '2025-11-09T17:13:49.7943732Z' while content on disk has modification time of '2025-11-09T17:13:56.3356578Z'
  ERROR: Build asset version error: assets/parallaxbackground.cs in SourceAssetDB has modification time of '2025-11-09T17:13:49.7943732Z' while content on disk has modification time of '2025-11-09T17:13:56.3356578Z'
Number of updated asset objects reloaded before import = 0Number of asset objects unloaded after import = 0

========================================================================
Received Import Request.
  Time since last request: 0.000023 seconds.
  path: Assets/ParallaxBackground.cs
  artifactKey: Guid(9956841298b64ad49a01861b11a3ec8e) Importer(815301076,1909f56bfc062723c751e8b465ee728b)
Start importing Assets/ParallaxBackground.cs using Guid(9956841298b64ad49a01861b11a3ec8e) Importer(815301076,1909f56bfc062723c751e8b465ee728b) (PreviewImporter) -> (artifact id: '00000000000000000000000000000000') in 0.0017295 seconds
Import Error Code:(4)
Message: Build asset version error: assets/parallaxbackground.cs in SourceAssetDB has modification time of '2025-11-09T17:13:49.7943732Z' while content on disk has modification time of '2025-11-09T17:13:56.3356578Z'
  ERROR: Build asset version error: assets/parallaxbackground.cs in SourceAssetDB has modification time of '2025-11-09T17:13:49.7943732Z' while content on disk has modification time of '2025-11-09T17:13:56.3356578Z'
Number of updated asset objects reloaded before import = 0Number of asset objects unloaded after import = 0

========================================================================
Received Import Request.
  Time since last request: 0.000028 seconds.
  path: Assets/ParallaxBackground.cs
  artifactKey: Guid(9956841298b64ad49a01861b11a3ec8e) Importer(815301076,1909f56bfc062723c751e8b465ee728b)
Start importing Assets/ParallaxBackground.cs using Guid(9956841298b64ad49a01861b11a3ec8e) Importer(815301076,1909f56bfc062723c751e8b465ee728b) (PreviewImporter) -> (artifact id: '00000000000000000000000000000000') in 0.0006039 seconds
Import Error Code:(4)
Message: Build asset version error: assets/parallaxbackground.cs in SourceAssetDB has modification time of '2025-11-09T17:13:49.7943732Z' while content on disk has modification time of '2025-11-09T17:13:56.3356578Z'
  ERROR: Build asset version error: assets/parallaxbackground.cs in SourceAssetDB has modification time of '2025-11-09T17:13:49.7943732Z' while content on disk has modification time of '2025-11-09T17:13:56.3356578Z'
Number of updated asset objects reloaded before import = 0Number of asset objects unloaded after import = 0

========================================================================
Received Import Request.
  Time since last request: 0.000036 seconds.
  path: Assets/ParallaxBackground.cs
  artifactKey: Guid(9956841298b64ad49a01861b11a3ec8e) Importer(815301076,1909f56bfc062723c751e8b465ee728b)
Start importing Assets/ParallaxBackground.cs using Guid(9956841298b64ad49a01861b11a3ec8e) Importer(815301076,1909f56bfc062723c751e8b465ee728b) (PreviewImporter) -> (artifact id: '00000000000000000000000000000000') in 0.0005306 seconds
Import Error Code:(4)
Message: Build asset version error: assets/parallaxbackground.cs in SourceAssetDB has modification time of '2025-11-09T17:13:49.7943732Z' while content on disk has modification time of '2025-11-09T17:13:56.3356578Z'
  ERROR: Build asset version error: assets/parallaxbackground.cs in SourceAssetDB has modification time of '2025-11-09T17:13:49.7943732Z' while content on disk has modification time of '2025-11-09T17:13:56.3356578Z'
Number of updated asset objects reloaded before import = 0Number of asset objects unloaded after import = 0

========================================================================
Received Import Request.
  Time since last request: 0.000023 seconds.
  path: Assets/ParallaxBackground.cs
  artifactKey: Guid(9956841298b64ad49a01861b11a3ec8e) Importer(815301076,1909f56bfc062723c751e8b465ee728b)
Start importing Assets/ParallaxBackground.cs using Guid(9956841298b64ad49a01861b11a3ec8e) Importer(815301076,1909f56bfc062723c751e8b465ee728b) (PreviewImporter) -> (artifact id: '00000000000000000000000000000000') in 0.0006141 seconds
Import Error Code:(4)
Message: Build asset version error: assets/parallaxbackground.cs in SourceAssetDB has modification time of '2025-11-09T17:13:49.7943732Z' while content on disk has modification time of '2025-11-09T17:13:56.3356578Z'
  ERROR: Build asset version error: assets/parallaxbackground.cs in SourceAssetDB has modification time of '2025-11-09T17:13:49.7943732Z' while content on disk has modification time of '2025-11-09T17:13:56.3356578Z'
Number of updated asset objects reloaded before import = 0Number of asset objects unloaded after import = 0

========================================================================
Received Import Request.
  Time since last request: 0.000030 seconds.
  path: Assets/ParallaxBackground.cs
  artifactKey: Guid(9956841298b64ad49a01861b11a3ec8e) Importer(815301076,1909f56bfc062723c751e8b465ee728b)
Start importing Assets/ParallaxBackground.cs using Guid(9956841298b64ad49a01861b11a3ec8e) Importer(815301076,1909f56bfc062723c751e8b465ee728b) (PreviewImporter) -> (artifact id: '00000000000000000000000000000000') in 0.0005859 seconds
Import Error Code:(4)
Message: Build asset version error: assets/parallaxbackground.cs in SourceAssetDB has modification time of '2025-11-09T17:13:49.7943732Z' while content on disk has modification time of '2025-11-09T17:13:56.3356578Z'
  ERROR: Build asset version error: assets/parallaxbackground.cs in SourceAssetDB has modification time of '2025-11-09T17:13:49.7943732Z' while content on disk has modification time of '2025-11-09T17:13:56.3356578Z'
Number of updated asset objects reloaded before import = 0Number of asset objects unloaded after import = 0

========================================================================
Received Import Request.
  Time since last request: 0.000019 seconds.
  path: Assets/ParallaxBackground.cs
  artifactKey: Guid(9956841298b64ad49a01861b11a3ec8e) Importer(815301076,1909f56bfc062723c751e8b465ee728b)
Start importing Assets/ParallaxBackground.cs using Guid(9956841298b64ad49a01861b11a3ec8e) Importer(815301076,1909f56bfc062723c751e8b465ee728b) (PreviewImporter) -> (artifact id: '00000000000000000000000000000000') in 0.0008572 seconds
Import Error Code:(4)
Message: Build asset version error: assets/parallaxbackground.cs in SourceAssetDB has modification time of '2025-11-09T17:13:49.7943732Z' while content on disk has modification time of '2025-11-09T17:13:56.3356578Z'
  ERROR: Build asset version error: assets/parallaxbackground.cs in SourceAssetDB has modification time of '2025-11-09T17:13:49.7943732Z' while content on disk has modification time of '2025-11-09T17:13:56.3356578Z'
Number of updated asset objects reloaded before import = 0Number of asset objects unloaded after import = 0

========================================================================
Received Import Request.
  Time since last request: 0.000024 seconds.
  path: Assets/ParallaxBackground.cs
  artifactKey: Guid(9956841298b64ad49a01861b11a3ec8e) Importer(815301076,1909f56bfc062723c751e8b465ee728b)
Start importing Assets/ParallaxBackground.cs using Guid(9956841298b64ad49a01861b11a3ec8e) Importer(815301076,1909f56bfc062723c751e8b465ee728b) (PreviewImporter) -> (artifact id: '00000000000000000000000000000000') in 0.0005868 seconds
Import Error Code:(4)
Message: Build asset version error: assets/parallaxbackground.cs in SourceAssetDB has modification time of '2025-11-09T17:13:49.7943732Z' while content on disk has modification time of '2025-11-09T17:13:56.3356578Z'
  ERROR: Build asset version error: assets/parallaxbackground.cs in SourceAssetDB has modification time of '2025-11-09T17:13:49.7943732Z' while content on disk has modification time of '2025-11-09T17:13:56.3356578Z'
Number of updated asset objects reloaded before import = 0Number of asset objects unloaded after import = 0

========================================================================
Received Import Request.
  Time since last request: 0.000025 seconds.
  path: Assets/ParallaxBackground.cs
  artifactKey: Guid(9956841298b64ad49a01861b11a3ec8e) Importer(815301076,1909f56bfc062723c751e8b465ee728b)
Start importing Assets/ParallaxBackground.cs using Guid(9956841298b64ad49a01861b11a3ec8e) Importer(815301076,1909f56bfc062723c751e8b465ee728b) (PreviewImporter) -> (artifact id: '00000000000000000000000000000000') in 0.0005197 seconds
Import Error Code:(4)
Message: Build asset version error: assets/parallaxbackground.cs in SourceAssetDB has modification time of '2025-11-09T17:13:49.7943732Z' while content on disk has modification time of '2025-11-09T17:13:56.3356578Z'
  ERROR: Build asset version error: assets/parallaxbackground.cs in SourceAssetDB has modification time of '2025-11-09T17:13:49.7943732Z' while content on disk has modification time of '2025-11-09T17:13:56.3356578Z'
Number of updated asset objects reloaded before import = 0Number of asset objects unloaded after import = 0

========================================================================
Received Import Request.
  Time since last request: 0.000017 seconds.
  path: Assets/ParallaxBackground.cs
  artifactKey: Guid(9956841298b64ad49a01861b11a3ec8e) Importer(815301076,1909f56bfc062723c751e8b465ee728b)
Start importing Assets/ParallaxBackground.cs using Guid(9956841298b64ad49a01861b11a3ec8e) Importer(815301076,1909f56bfc062723c751e8b465ee728b) (PreviewImporter) -> (artifact id: '00000000000000000000000000000000') in 0.0006106 seconds
Import Error Code:(4)
Message: Build asset version error: assets/parallaxbackground.cs in SourceAssetDB has modification time of '2025-11-09T17:13:49.7943732Z' while content on disk has modification time of '2025-11-09T17:13:56.3356578Z'
  ERROR: Build asset version error: assets/parallaxbackground.cs in SourceAssetDB has modification time of '2025-11-09T17:13:49.7943732Z' while content on disk has modification time of '2025-11-09T17:13:56.3356578Z'
Number of updated asset objects reloaded before import = 0Number of asset objects unloaded after import = 0

========================================================================
Received Import Request.
  Time since last request: 0.000021 seconds.
  path: Assets/ParallaxBackground.cs
  artifactKey: Guid(9956841298b64ad49a01861b11a3ec8e) Importer(815301076,1909f56bfc062723c751e8b465ee728b)
Start importing Assets/ParallaxBackground.cs using Guid(9956841298b64ad49a01861b11a3ec8e) Importer(815301076,1909f56bfc062723c751e8b465ee728b) (PreviewImporter) -> (artifact id: '00000000000000000000000000000000') in 0.0008026 seconds
Import Error Code:(4)
Message: Build asset version error: assets/parallaxbackground.cs in SourceAssetDB has modification time of '2025-11-09T17:13:49.7943732Z' while content on disk has modification time of '2025-11-09T17:13:56.3356578Z'
  ERROR: Build asset version error: assets/parallaxbackground.cs in SourceAssetDB has modification time of '2025-11-09T17:13:49.7943732Z' while content on disk has modification time of '2025-11-09T17:13:56.3356578Z'
Number of updated asset objects reloaded before import = 0Number of asset objects unloaded after import = 0

========================================================================
Received Import Request.
  Time since last request: 0.000038 seconds.
  path: Assets/ParallaxBackground.cs
  artifactKey: Guid(9956841298b64ad49a01861b11a3ec8e) Importer(815301076,1909f56bfc062723c751e8b465ee728b)
Start importing Assets/ParallaxBackground.cs using Guid(9956841298b64ad49a01861b11a3ec8e) Importer(815301076,1909f56bfc062723c751e8b465ee728b) (PreviewImporter) -> (artifact id: '00000000000000000000000000000000') in 0.0009949 seconds
Import Error Code:(4)
Message: Build asset version error: assets/parallaxbackground.cs in SourceAssetDB has modification time of '2025-11-09T17:13:49.7943732Z' while content on disk has modification time of '2025-11-09T17:13:56.3356578Z'
  ERROR: Build asset version error: assets/parallaxbackground.cs in SourceAssetDB has modification time of '2025-11-09T17:13:49.7943732Z' while content on disk has modification time of '2025-11-09T17:13:56.3356578Z'
Number of updated asset objects reloaded before import = 0Number of asset objects unloaded after import = 0

========================================================================
Received Import Request.
  Time since last request: 0.000048 seconds.
  path: Assets/ParallaxBackground.cs
  artifactKey: Guid(9956841298b64ad49a01861b11a3ec8e) Importer(815301076,1909f56bfc062723c751e8b465ee728b)
Start importing Assets/ParallaxBackground.cs using Guid(9956841298b64ad49a01861b11a3ec8e) Importer(815301076,1909f56bfc062723c751e8b465ee728b) (PreviewImporter) -> (artifact id: '00000000000000000000000000000000') in 0.0006868 seconds
Import Error Code:(4)
Message: Build asset version error: assets/parallaxbackground.cs in SourceAssetDB has modification time of '2025-11-09T17:13:49.7943732Z' while content on disk has modification time of '2025-11-09T17:13:56.3356578Z'
  ERROR: Build asset version error: assets/parallaxbackground.cs in SourceAssetDB has modification time of '2025-11-09T17:13:49.7943732Z' while content on disk has modification time of '2025-11-09T17:13:56.3356578Z'
Number of updated asset objects reloaded before import = 0Number of asset objects unloaded after import = 0

========================================================================
Received Import Request.
  Time since last request: 0.000048 seconds.
  path: Assets/ParallaxBackground.cs
  artifactKey: Guid(9956841298b64ad49a01861b11a3ec8e) Importer(815301076,1909f56bfc062723c751e8b465ee728b)
Start importing Assets/ParallaxBackground.cs using Guid(9956841298b64ad49a01861b11a3ec8e) Importer(815301076,1909f56bfc062723c751e8b465ee728b) (PreviewImporter) -> (artifact id: '00000000000000000000000000000000') in 0.0007172 seconds
Import Error Code:(4)
Message: Build asset version error: assets/parallaxbackground.cs in SourceAssetDB has modification time of '2025-11-09T17:13:49.7943732Z' while content on disk has modification time of '2025-11-09T17:13:56.3356578Z'
  ERROR: Build asset version error: assets/parallaxbackground.cs in SourceAssetDB has modification time of '2025-11-09T17:13:49.7943732Z' while content on disk has modification time of '2025-11-09T17:13:56.3356578Z'
Number of updated asset objects reloaded before import = 0Number of asset objects unloaded after import = 0

========================================================================
Received Import Request.
  Time since last request: 0.000018 seconds.
  path: Assets/ParallaxBackground.cs
  artifactKey: Guid(9956841298b64ad49a01861b11a3ec8e) Importer(815301076,1909f56bfc062723c751e8b465ee728b)
Start importing Assets/ParallaxBackground.cs using Guid(9956841298b64ad49a01861b11a3ec8e) Importer(815301076,1909f56bfc062723c751e8b465ee728b) (PreviewImporter) -> (artifact id: '00000000000000000000000000000000') in 0.000499 seconds
Import Error Code:(4)
Message: Build asset version error: assets/parallaxbackground.cs in SourceAssetDB has modification time of '2025-11-09T17:13:49.7943732Z' while content on disk has modification time of '2025-11-09T17:13:56.3356578Z'
  ERROR: Build asset version error: assets/parallaxbackground.cs in SourceAssetDB has modification time of '2025-11-09T17:13:49.7943732Z' while content on disk has modification time of '2025-11-09T17:13:56.3356578Z'
Number of updated asset objects reloaded before import = 0Number of asset objects unloaded after import = 0

========================================================================
Received Import Request.
  Time since last request: 0.000026 seconds.
  path: Assets/ParallaxBackground.cs
  artifactKey: Guid(9956841298b64ad49a01861b11a3ec8e) Importer(815301076,1909f56bfc062723c751e8b465ee728b)
Start importing Assets/ParallaxBackground.cs using Guid(9956841298b64ad49a01861b11a3ec8e) Importer(815301076,1909f56bfc062723c751e8b465ee728b) (PreviewImporter) -> (artifact id: '00000000000000000000000000000000') in 0.0006367 seconds
Import Error Code:(4)
Message: Build asset version error: assets/parallaxbackground.cs in SourceAssetDB has modification time of '2025-11-09T17:13:49.7943732Z' while content on disk has modification time of '2025-11-09T17:13:56.3356578Z'
  ERROR: Build asset version error: assets/parallaxbackground.cs in SourceAssetDB has modification time of '2025-11-09T17:13:49.7943732Z' while content on disk has modification time of '2025-11-09T17:13:56.3356578Z'
Number of updated asset objects reloaded before import = 0Number of asset objects unloaded after import = 0

========================================================================
Received Import Request.
  Time since last request: 0.000021 seconds.
  path: Assets/ParallaxBackground.cs
  artifactKey: Guid(9956841298b64ad49a01861b11a3ec8e) Importer(815301076,1909f56bfc062723c751e8b465ee728b)
Start importing Assets/ParallaxBackground.cs using Guid(9956841298b64ad49a01861b11a3ec8e) Importer(815301076,1909f56bfc062723c751e8b465ee728b) (PreviewImporter) -> (artifact id: '00000000000000000000000000000000') in 0.0005583 seconds
Import Error Code:(4)
Message: Build asset version error: assets/parallaxbackground.cs in SourceAssetDB has modification time of '2025-11-09T17:13:49.7943732Z' while content on disk has modification time of '2025-11-09T17:13:56.3356578Z'
  ERROR: Build asset version error: assets/parallaxbackground.cs in SourceAssetDB has modification time of '2025-11-09T17:13:49.7943732Z' while content on disk has modification time of '2025-11-09T17:13:56.3356578Z'
Number of updated asset objects reloaded before import = 0Number of asset objects unloaded after import = 0

========================================================================
Received Import Request.
  Time since last request: 0.000019 seconds.
  path: Assets/ParallaxBackground.cs
  artifactKey: Guid(9956841298b64ad49a01861b11a3ec8e) Importer(815301076,1909f56bfc062723c751e8b465ee728b)
Start importing Assets/ParallaxBackground.cs using Guid(9956841298b64ad49a01861b11a3ec8e) Importer(815301076,1909f56bfc062723c751e8b465ee728b) (PreviewImporter) -> (artifact id: '00000000000000000000000000000000') in 0.0006214 seconds
Import Error Code:(4)
Message: Build asset version error: assets/parallaxbackground.cs in SourceAssetDB has modification time of '2025-11-09T17:13:49.7943732Z' while content on disk has modification time of '2025-11-09T17:13:56.3356578Z'
  ERROR: Build asset version error: assets/parallaxbackground.cs in SourceAssetDB has modification time of '2025-11-09T17:13:49.7943732Z' while content on disk has modification time of '2025-11-09T17:13:56.3356578Z'
Number of updated asset objects reloaded before import = 0Number of asset objects unloaded after import = 0

========================================================================
Received Import Request.
  Time since last request: 0.000042 seconds.
  path: Assets/ParallaxBackground.cs
  artifactKey: Guid(9956841298b64ad49a01861b11a3ec8e) Importer(815301076,1909f56bfc062723c751e8b465ee728b)
Start importing Assets/ParallaxBackground.cs using Guid(9956841298b64ad49a01861b11a3ec8e) Importer(815301076,1909f56bfc062723c751e8b465ee728b) (PreviewImporter) -> (artifact id: '00000000000000000000000000000000') in 0.0005392 seconds
Import Error Code:(4)
Message: Build asset version error: assets/parallaxbackground.cs in SourceAssetDB has modification time of '2025-11-09T17:13:49.7943732Z' while content on disk has modification time of '2025-11-09T17:13:56.3356578Z'
  ERROR: Build asset version error: assets/parallaxbackground.cs in SourceAssetDB has modification time of '2025-11-09T17:13:49.7943732Z' while content on disk has modification time of '2025-11-09T17:13:56.3356578Z'
Number of updated asset objects reloaded before import = 0Number of asset objects unloaded after import = 0

========================================================================
Received Import Request.
  Time since last request: 0.000020 seconds.
  path: Assets/ParallaxBackground.cs
  artifactKey: Guid(9956841298b64ad49a01861b11a3ec8e) Importer(815301076,1909f56bfc062723c751e8b465ee728b)
Start importing Assets/ParallaxBackground.cs using Guid(9956841298b64ad49a01861b11a3ec8e) Importer(815301076,1909f56bfc062723c751e8b465ee728b) (PreviewImporter) -> (artifact id: '00000000000000000000000000000000') in 0.0006282 seconds
Import Error Code:(4)
Message: Build asset version error: assets/parallaxbackground.cs in SourceAssetDB has modification time of '2025-11-09T17:13:49.7943732Z' while content on disk has modification time of '2025-11-09T17:13:56.3356578Z'
  ERROR: Build asset version error: assets/parallaxbackground.cs in SourceAssetDB has modification time of '2025-11-09T17:13:49.7943732Z' while content on disk has modification time of '2025-11-09T17:13:56.3356578Z'
Number of updated asset objects reloaded before import = 0Number of asset objects unloaded after import = 0

========================================================================
Received Import Request.
  Time since last request: 0.000053 seconds.
  path: Assets/ParallaxBackground.cs
  artifactKey: Guid(9956841298b64ad49a01861b11a3ec8e) Importer(815301076,1909f56bfc062723c751e8b465ee728b)
Start importing Assets/ParallaxBackground.cs using Guid(9956841298b64ad49a01861b11a3ec8e) Importer(815301076,1909f56bfc062723c751e8b465ee728b) (PreviewImporter) -> (artifact id: '00000000000000000000000000000000') in 0.0008675 seconds
Import Error Code:(4)
Message: Build asset version error: assets/parallaxbackground.cs in SourceAssetDB has modification time of '2025-11-09T17:13:49.7943732Z' while content on disk has modification time of '2025-11-09T17:13:56.3356578Z'
  ERROR: Build asset version error: assets/parallaxbackground.cs in SourceAssetDB has modification time of '2025-11-09T17:13:49.7943732Z' while content on disk has modification time of '2025-11-09T17:13:56.3356578Z'
Number of updated asset objects reloaded before import = 0Number of asset objects unloaded after import = 0

========================================================================
Received Import Request.
  Time since last request: 0.000046 seconds.
  path: Assets/ParallaxBackground.cs
  artifactKey: Guid(9956841298b64ad49a01861b11a3ec8e) Importer(815301076,1909f56bfc062723c751e8b465ee728b)
Start importing Assets/ParallaxBackground.cs using Guid(9956841298b64ad49a01861b11a3ec8e) Importer(815301076,1909f56bfc062723c751e8b465ee728b) (PreviewImporter) -> (artifact id: '00000000000000000000000000000000') in 0.0007796 seconds
Import Error Code:(4)
Message: Build asset version error: assets/parallaxbackground.cs in SourceAssetDB has modification time of '2025-11-09T17:13:49.7943732Z' while content on disk has modification time of '2025-11-09T17:13:56.3356578Z'
  ERROR: Build asset version error: assets/parallaxbackground.cs in SourceAssetDB has modification time of '2025-11-09T17:13:49.7943732Z' while content on disk has modification time of '2025-11-09T17:13:56.3356578Z'
Number of updated asset objects reloaded before import = 0Number of asset objects unloaded after import = 0

========================================================================
Received Import Request.
  Time since last request: 0.000018 seconds.
  path: Assets/ParallaxBackground.cs
  artifactKey: Guid(9956841298b64ad49a01861b11a3ec8e) Importer(815301076,1909f56bfc062723c751e8b465ee728b)
Start importing Assets/ParallaxBackground.cs using Guid(9956841298b64ad49a01861b11a3ec8e) Importer(815301076,1909f56bfc062723c751e8b465ee728b) (PreviewImporter) -> (artifact id: '00000000000000000000000000000000') in 0.0005346 seconds
Import Error Code:(4)
Message: Build asset version error: assets/parallaxbackground.cs in SourceAssetDB has modification time of '2025-11-09T17:13:49.7943732Z' while content on disk has modification time of '2025-11-09T17:13:56.3356578Z'
  ERROR: Build asset version error: assets/parallaxbackground.cs in SourceAssetDB has modification time of '2025-11-09T17:13:49.7943732Z' while content on disk has modification time of '2025-11-09T17:13:56.3356578Z'
Number of updated asset objects reloaded before import = 0Number of asset objects unloaded after import = 0

========================================================================
Received Import Request.
  Time since last request: 0.000022 seconds.
  path: Assets/ParallaxBackground.cs
  artifactKey: Guid(9956841298b64ad49a01861b11a3ec8e) Importer(815301076,1909f56bfc062723c751e8b465ee728b)
Start importing Assets/ParallaxBackground.cs using Guid(9956841298b64ad49a01861b11a3ec8e) Importer(815301076,1909f56bfc062723c751e8b465ee728b) (PreviewImporter) -> (artifact id: '00000000000000000000000000000000') in 0.0005313 seconds
Import Error Code:(4)
Message: Build asset version error: assets/parallaxbackground.cs in SourceAssetDB has modification time of '2025-11-09T17:13:49.7943732Z' while content on disk has modification time of '2025-11-09T17:13:56.3356578Z'
  ERROR: Build asset version error: assets/parallaxbackground.cs in SourceAssetDB has modification time of '2025-11-09T17:13:49.7943732Z' while content on disk has modification time of '2025-11-09T17:13:56.3356578Z'
Number of updated asset objects reloaded before import = 0Number of asset objects unloaded after import = 0

========================================================================
Received Import Request.
  Time since last request: 0.000018 seconds.
  path: Assets/ParallaxBackground.cs
  artifactKey: Guid(9956841298b64ad49a01861b11a3ec8e) Importer(815301076,1909f56bfc062723c751e8b465ee728b)
Start importing Assets/ParallaxBackground.cs using Guid(9956841298b64ad49a01861b11a3ec8e) Importer(815301076,1909f56bfc062723c751e8b465ee728b) (PreviewImporter) -> (artifact id: '00000000000000000000000000000000') in 0.0007775 seconds
Import Error Code:(4)
Message: Build asset version error: assets/parallaxbackground.cs in SourceAssetDB has modification time of '2025-11-09T17:13:49.7943732Z' while content on disk has modification time of '2025-11-09T17:13:56.3356578Z'
  ERROR: Build asset version error: assets/parallaxbackground.cs in SourceAssetDB has modification time of '2025-11-09T17:13:49.7943732Z' while content on disk has modification time of '2025-11-09T17:13:56.3356578Z'
Number of updated asset objects reloaded before import = 0Number of asset objects unloaded after import = 0

========================================================================
Received Import Request.
  Time since last request: 0.000071 seconds.
  path: Assets/ParallaxBackground.cs
  artifactKey: Guid(9956841298b64ad49a01861b11a3ec8e) Importer(815301076,1909f56bfc062723c751e8b465ee728b)
Start importing Assets/ParallaxBackground.cs using Guid(9956841298b64ad49a01861b11a3ec8e) Importer(815301076,1909f56bfc062723c751e8b465ee728b) (PreviewImporter) -> (artifact id: '00000000000000000000000000000000') in 0.0005184 seconds
Import Error Code:(4)
Message: Build asset version error: assets/parallaxbackground.cs in SourceAssetDB has modification time of '2025-11-09T17:13:49.7943732Z' while content on disk has modification time of '2025-11-09T17:13:56.3356578Z'
  ERROR: Build asset version error: assets/parallaxbackground.cs in SourceAssetDB has modification time of '2025-11-09T17:13:49.7943732Z' while content on disk has modification time of '2025-11-09T17:13:56.3356578Z'
Number of updated asset objects reloaded before import = 0Number of asset objects unloaded after import = 0

========================================================================
Received Import Request.
  Time since last request: 0.000031 seconds.
  path: Assets/ParallaxBackground.cs
  artifactKey: Guid(9956841298b64ad49a01861b11a3ec8e) Importer(815301076,1909f56bfc062723c751e8b465ee728b)
Start importing Assets/ParallaxBackground.cs using Guid(9956841298b64ad49a01861b11a3ec8e) Importer(815301076,1909f56bfc062723c751e8b465ee728b) (PreviewImporter) -> (artifact id: '00000000000000000000000000000000') in 0.0005439 seconds
Import Error Code:(4)
Message: Build asset version error: assets/parallaxbackground.cs in SourceAssetDB has modification time of '2025-11-09T17:13:49.7943732Z' while content on disk has modification time of '2025-11-09T17:13:56.3356578Z'
  ERROR: Build asset version error: assets/parallaxbackground.cs in SourceAssetDB has modification time of '2025-11-09T17:13:49.7943732Z' while content on disk has modification time of '2025-11-09T17:13:56.3356578Z'
Number of updated asset objects reloaded before import = 0Number of asset objects unloaded after import = 0

========================================================================
Received Import Request.
  Time since last request: 0.000023 seconds.
  path: Assets/ParallaxBackground.cs
  artifactKey: Guid(9956841298b64ad49a01861b11a3ec8e) Importer(815301076,1909f56bfc062723c751e8b465ee728b)
Start importing Assets/ParallaxBackground.cs using Guid(9956841298b64ad49a01861b11a3ec8e) Importer(815301076,1909f56bfc062723c751e8b465ee728b) (PreviewImporter) -> (artifact id: '00000000000000000000000000000000') in 0.0005363 seconds
Import Error Code:(4)
Message: Build asset version error: assets/parallaxbackground.cs in SourceAssetDB has modification time of '2025-11-09T17:13:49.7943732Z' while content on disk has modification time of '2025-11-09T17:13:56.3356578Z'
  ERROR: Build asset version error: assets/parallaxbackground.cs in SourceAssetDB has modification time of '2025-11-09T17:13:49.7943732Z' while content on disk has modification time of '2025-11-09T17:13:56.3356578Z'
Number of updated asset objects reloaded before import = 0Number of asset objects unloaded after import = 0

========================================================================
Received Import Request.
  Time since last request: 0.000024 seconds.
  path: Assets/ParallaxBackground.cs
  artifactKey: Guid(9956841298b64ad49a01861b11a3ec8e) Importer(815301076,1909f56bfc062723c751e8b465ee728b)
Start importing Assets/ParallaxBackground.cs using Guid(9956841298b64ad49a01861b11a3ec8e) Importer(815301076,1909f56bfc062723c751e8b465ee728b) (PreviewImporter) -> (artifact id: '00000000000000000000000000000000') in 0.0009045 seconds
Import Error Code:(4)
Message: Build asset version error: assets/parallaxbackground.cs in SourceAssetDB has modification time of '2025-11-09T17:13:49.7943732Z' while content on disk has modification time of '2025-11-09T17:13:56.3356578Z'
  ERROR: Build asset version error: assets/parallaxbackground.cs in SourceAssetDB has modification time of '2025-11-09T17:13:49.7943732Z' while content on disk has modification time of '2025-11-09T17:13:56.3356578Z'
Number of updated asset objects reloaded before import = 0Number of asset objects unloaded after import = 0

========================================================================
Received Import Request.
  Time since last request: 0.000036 seconds.
  path: Assets/ParallaxBackground.cs
  artifactKey: Guid(9956841298b64ad49a01861b11a3ec8e) Importer(815301076,1909f56bfc062723c751e8b465ee728b)
Start importing Assets/ParallaxBackground.cs using Guid(9956841298b64ad49a01861b11a3ec8e) Importer(815301076,1909f56bfc062723c751e8b465ee728b) (PreviewImporter) -> (artifact id: '00000000000000000000000000000000') in 0.0008283 seconds
Import Error Code:(4)
Message: Build asset version error: assets/parallaxbackground.cs in SourceAssetDB has modification time of '2025-11-09T17:13:49.7943732Z' while content on disk has modification time of '2025-11-09T17:13:56.3356578Z'
  ERROR: Build asset version error: assets/parallaxbackground.cs in SourceAssetDB has modification time of '2025-11-09T17:13:49.7943732Z' while content on disk has modification time of '2025-11-09T17:13:56.3356578Z'
Number of updated asset objects reloaded before import = 0Number of asset objects unloaded after import = 0

========================================================================
Received Import Request.
  Time since last request: 0.000019 seconds.
  path: Assets/ParallaxBackground.cs
  artifactKey: Guid(9956841298b64ad49a01861b11a3ec8e) Importer(815301076,1909f56bfc062723c751e8b465ee728b)
Start importing Assets/ParallaxBackground.cs using Guid(9956841298b64ad49a01861b11a3ec8e) Importer(815301076,1909f56bfc062723c751e8b465ee728b) (PreviewImporter) -> (artifact id: '00000000000000000000000000000000') in 0.0011634 seconds
Import Error Code:(4)
Message: Build asset version error: assets/parallaxbackground.cs in SourceAssetDB has modification time of '2025-11-09T17:13:49.7943732Z' while content on disk has modification time of '2025-11-09T17:13:56.3356578Z'
  ERROR: Build asset version error: assets/parallaxbackground.cs in SourceAssetDB has modification time of '2025-11-09T17:13:49.7943732Z' while content on disk has modification time of '2025-11-09T17:13:56.3356578Z'
Number of updated asset objects reloaded before import = 0Number of asset objects unloaded after import = 0

========================================================================
Received Import Request.
  Time since last request: 0.000045 seconds.
  path: Assets/ParallaxBackground.cs
  artifactKey: Guid(9956841298b64ad49a01861b11a3ec8e) Importer(815301076,1909f56bfc062723c751e8b465ee728b)
Start importing Assets/ParallaxBackground.cs using Guid(9956841298b64ad49a01861b11a3ec8e) Importer(815301076,1909f56bfc062723c751e8b465ee728b) (PreviewImporter) -> (artifact id: '00000000000000000000000000000000') in 0.0006864 seconds
Import Error Code:(4)
Message: Build asset version error: assets/parallaxbackground.cs in SourceAssetDB has modification time of '2025-11-09T17:13:49.7943732Z' while content on disk has modification time of '2025-11-09T17:13:56.3356578Z'
  ERROR: Build asset version error: assets/parallaxbackground.cs in SourceAssetDB has modification time of '2025-11-09T17:13:49.7943732Z' while content on disk has modification time of '2025-11-09T17:13:56.3356578Z'
Number of updated asset objects reloaded before import = 0Number of asset objects unloaded after import = 0

========================================================================
Received Import Request.
  Time since last request: 0.000045 seconds.
  path: Assets/ParallaxBackground.cs
  artifactKey: Guid(9956841298b64ad49a01861b11a3ec8e) Importer(815301076,1909f56bfc062723c751e8b465ee728b)
Start importing Assets/ParallaxBackground.cs using Guid(9956841298b64ad49a01861b11a3ec8e) Importer(815301076,1909f56bfc062723c751e8b465ee728b) (PreviewImporter) -> (artifact id: '00000000000000000000000000000000') in 0.0006192 seconds
Import Error Code:(4)
Message: Build asset version error: assets/parallaxbackground.cs in SourceAssetDB has modification time of '2025-11-09T17:13:49.7943732Z' while content on disk has modification time of '2025-11-09T17:13:56.3356578Z'
  ERROR: Build asset version error: assets/parallaxbackground.cs in SourceAssetDB has modification time of '2025-11-09T17:13:49.7943732Z' while content on disk has modification time of '2025-11-09T17:13:56.3356578Z'
Number of updated asset objects reloaded before import = 0Number of asset objects unloaded after import = 0

========================================================================
Received Import Request.
  Time since last request: 0.000017 seconds.
  path: Assets/ParallaxBackground.cs
  artifactKey: Guid(9956841298b64ad49a01861b11a3ec8e) Importer(815301076,1909f56bfc062723c751e8b465ee728b)
Start importing Assets/ParallaxBackground.cs using Guid(9956841298b64ad49a01861b11a3ec8e) Importer(815301076,1909f56bfc062723c751e8b465ee728b) (PreviewImporter) -> (artifact id: '00000000000000000000000000000000') in 0.0005118 seconds
Import Error Code:(4)
Message: Build asset version error: assets/parallaxbackground.cs in SourceAssetDB has modification time of '2025-11-09T17:13:49.7943732Z' while content on disk has modification time of '2025-11-09T17:13:56.3356578Z'
  ERROR: Build asset version error: assets/parallaxbackground.cs in SourceAssetDB has modification time of '2025-11-09T17:13:49.7943732Z' while content on disk has modification time of '2025-11-09T17:13:56.3356578Z'
Number of updated asset objects reloaded before import = 0Number of asset objects unloaded after import = 0

========================================================================
Received Import Request.
  Time since last request: 0.000033 seconds.
  path: Assets/ParallaxBackground.cs
  artifactKey: Guid(9956841298b64ad49a01861b11a3ec8e) Importer(815301076,1909f56bfc062723c751e8b465ee728b)
Start importing Assets/ParallaxBackground.cs using Guid(9956841298b64ad49a01861b11a3ec8e) Importer(815301076,1909f56bfc062723c751e8b465ee728b) (PreviewImporter) -> (artifact id: '00000000000000000000000000000000') in 0.0004931 seconds
Import Error Code:(4)
Message: Build asset version error: assets/parallaxbackground.cs in SourceAssetDB has modification time of '2025-11-09T17:13:49.7943732Z' while content on disk has modification time of '2025-11-09T17:13:56.3356578Z'
  ERROR: Build asset version error: assets/parallaxbackground.cs in SourceAssetDB has modification time of '2025-11-09T17:13:49.7943732Z' while content on disk has modification time of '2025-11-09T17:13:56.3356578Z'
Number of updated asset objects reloaded before import = 0Number of asset objects unloaded after import = 0

========================================================================
Received Import Request.
  Time since last request: 0.000017 seconds.
  path: Assets/ParallaxBackground.cs
  artifactKey: Guid(9956841298b64ad49a01861b11a3ec8e) Importer(815301076,1909f56bfc062723c751e8b465ee728b)
Start importing Assets/ParallaxBackground.cs using Guid(9956841298b64ad49a01861b11a3ec8e) Importer(815301076,1909f56bfc062723c751e8b465ee728b) (PreviewImporter) -> (artifact id: '00000000000000000000000000000000') in 0.0005149 seconds
Import Error Code:(4)
Message: Build asset version error: assets/parallaxbackground.cs in SourceAssetDB has modification time of '2025-11-09T17:13:49.7943732Z' while content on disk has modification time of '2025-11-09T17:13:56.3356578Z'
  ERROR: Build asset version error: assets/parallaxbackground.cs in SourceAssetDB has modification time of '2025-11-09T17:13:49.7943732Z' while content on disk has modification time of '2025-11-09T17:13:56.3356578Z'
Number of updated asset objects reloaded before import = 0Number of asset objects unloaded after import = 0

========================================================================
Received Import Request.
  Time since last request: 0.000020 seconds.
  path: Assets/ParallaxBackground.cs
  artifactKey: Guid(9956841298b64ad49a01861b11a3ec8e) Importer(815301076,1909f56bfc062723c751e8b465ee728b)
Start importing Assets/ParallaxBackground.cs using Guid(9956841298b64ad49a01861b11a3ec8e) Importer(815301076,1909f56bfc062723c751e8b465ee728b) (PreviewImporter) -> (artifact id: '00000000000000000000000000000000') in 0.0005372 seconds
Import Error Code:(4)
Message: Build asset version error: assets/parallaxbackground.cs in SourceAssetDB has modification time of '2025-11-09T17:13:49.7943732Z' while content on disk has modification time of '2025-11-09T17:13:56.3356578Z'
  ERROR: Build asset version error: assets/parallaxbackground.cs in SourceAssetDB has modification time of '2025-11-09T17:13:49.7943732Z' while content on disk has modification time of '2025-11-09T17:13:56.3356578Z'
Number of updated asset objects reloaded before import = 0Number of asset objects unloaded after import = 0

========================================================================
Received Import Request.
  Time since last request: 0.000036 seconds.
  path: Assets/ParallaxBackground.cs
  artifactKey: Guid(9956841298b64ad49a01861b11a3ec8e) Importer(815301076,1909f56bfc062723c751e8b465ee728b)
Start importing Assets/ParallaxBackground.cs using Guid(9956841298b64ad49a01861b11a3ec8e) Importer(815301076,1909f56bfc062723c751e8b465ee728b) (PreviewImporter) -> (artifact id: '00000000000000000000000000000000') in 0.0006072 seconds
Import Error Code:(4)
Message: Build asset version error: assets/parallaxbackground.cs in SourceAssetDB has modification time of '2025-11-09T17:13:49.7943732Z' while content on disk has modification time of '2025-11-09T17:13:56.3356578Z'
  ERROR: Build asset version error: assets/parallaxbackground.cs in SourceAssetDB has modification time of '2025-11-09T17:13:49.7943732Z' while content on disk has modification time of '2025-11-09T17:13:56.3356578Z'
Number of updated asset objects reloaded before import = 0Number of asset objects unloaded after import = 0

========================================================================
Received Import Request.
  Time since last request: 0.000017 seconds.
  path: Assets/ParallaxBackground.cs
  artifactKey: Guid(9956841298b64ad49a01861b11a3ec8e) Importer(815301076,1909f56bfc062723c751e8b465ee728b)
Start importing Assets/ParallaxBackground.cs using Guid(9956841298b64ad49a01861b11a3ec8e) Importer(815301076,1909f56bfc062723c751e8b465ee728b) (PreviewImporter) -> (artifact id: '00000000000000000000000000000000') in 0.0004971 seconds
Import Error Code:(4)
Message: Build asset version error: assets/parallaxbackground.cs in SourceAssetDB has modification time of '2025-11-09T17:13:49.7943732Z' while content on disk has modification time of '2025-11-09T17:13:56.3356578Z'
  ERROR: Build asset version error: assets/parallaxbackground.cs in SourceAssetDB has modification time of '2025-11-09T17:13:49.7943732Z' while content on disk has modification time of '2025-11-09T17:13:56.3356578Z'
Number of updated asset objects reloaded before import = 0Number of asset objects unloaded after import = 0

========================================================================
Received Import Request.
  Time since last request: 0.000016 seconds.
  path: Assets/ParallaxBackground.cs
  artifactKey: Guid(9956841298b64ad49a01861b11a3ec8e) Importer(815301076,1909f56bfc062723c751e8b465ee728b)
Start importing Assets/ParallaxBackground.cs using Guid(9956841298b64ad49a01861b11a3ec8e) Importer(815301076,1909f56bfc062723c751e8b465ee728b) (PreviewImporter) -> (artifact id: '00000000000000000000000000000000') in 0.0007894 seconds
Import Error Code:(4)
Message: Build asset version error: assets/parallaxbackground.cs in SourceAssetDB has modification time of '2025-11-09T17:13:49.7943732Z' while content on disk has modification time of '2025-11-09T17:13:56.3356578Z'
  ERROR: Build asset version error: assets/parallaxbackground.cs in SourceAssetDB has modification time of '2025-11-09T17:13:49.7943732Z' while content on disk has modification time of '2025-11-09T17:13:56.3356578Z'
Number of updated asset objects reloaded before import = 0Number of asset objects unloaded after import = 0

========================================================================
Received Import Request.
  Time since last request: 0.000018 seconds.
  path: Assets/ParallaxBackground.cs
  artifactKey: Guid(9956841298b64ad49a01861b11a3ec8e) Importer(815301076,1909f56bfc062723c751e8b465ee728b)
Start importing Assets/ParallaxBackground.cs using Guid(9956841298b64ad49a01861b11a3ec8e) Importer(815301076,1909f56bfc062723c751e8b465ee728b) (PreviewImporter) -> (artifact id: '00000000000000000000000000000000') in 0.0007617 seconds
Import Error Code:(4)
Message: Build asset version error: assets/parallaxbackground.cs in SourceAssetDB has modification time of '2025-11-09T17:13:49.7943732Z' while content on disk has modification time of '2025-11-09T17:13:56.3356578Z'
  ERROR: Build asset version error: assets/parallaxbackground.cs in SourceAssetDB has modification time of '2025-11-09T17:13:49.7943732Z' while content on disk has modification time of '2025-11-09T17:13:56.3356578Z'
Number of updated asset objects reloaded before import = 0Number of asset objects unloaded after import = 0

========================================================================
Received Import Request.
  Time since last request: 0.000017 seconds.
  path: Assets/ParallaxBackground.cs
  artifactKey: Guid(9956841298b64ad49a01861b11a3ec8e) Importer(815301076,1909f56bfc062723c751e8b465ee728b)
Start importing Assets/ParallaxBackground.cs using Guid(9956841298b64ad49a01861b11a3ec8e) Importer(815301076,1909f56bfc062723c751e8b465ee728b) (PreviewImporter) -> (artifact id: '00000000000000000000000000000000') in 0.0004822 seconds
Import Error Code:(4)
Message: Build asset version error: assets/parallaxbackground.cs in SourceAssetDB has modification time of '2025-11-09T17:13:49.7943732Z' while content on disk has modification time of '2025-11-09T17:13:56.3356578Z'
  ERROR: Build asset version error: assets/parallaxbackground.cs in SourceAssetDB has modification time of '2025-11-09T17:13:49.7943732Z' while content on disk has modification time of '2025-11-09T17:13:56.3356578Z'
Number of updated asset objects reloaded before import = 0Number of asset objects unloaded after import = 0

========================================================================
Received Import Request.
  Time since last request: 0.000019 seconds.
  path: Assets/ParallaxBackground.cs
  artifactKey: Guid(9956841298b64ad49a01861b11a3ec8e) Importer(815301076,1909f56bfc062723c751e8b465ee728b)
Start importing Assets/ParallaxBackground.cs using Guid(9956841298b64ad49a01861b11a3ec8e) Importer(815301076,1909f56bfc062723c751e8b465ee728b) (PreviewImporter) -> (artifact id: '00000000000000000000000000000000') in 0.0005019 seconds
Import Error Code:(4)
Message: Build asset version error: assets/parallaxbackground.cs in SourceAssetDB has modification time of '2025-11-09T17:13:49.7943732Z' while content on disk has modification time of '2025-11-09T17:13:56.3356578Z'
  ERROR: Build asset version error: assets/parallaxbackground.cs in SourceAssetDB has modification time of '2025-11-09T17:13:49.7943732Z' while content on disk has modification time of '2025-11-09T17:13:56.3356578Z'
Number of updated asset objects reloaded before import = 0Number of asset objects unloaded after import = 0

========================================================================
Received Import Request.
  Time since last request: 0.000024 seconds.
  path: Assets/ParallaxBackground.cs
  artifactKey: Guid(9956841298b64ad49a01861b11a3ec8e) Importer(815301076,1909f56bfc062723c751e8b465ee728b)
Start importing Assets/ParallaxBackground.cs using Guid(9956841298b64ad49a01861b11a3ec8e) Importer(815301076,1909f56bfc062723c751e8b465ee728b) (PreviewImporter) -> (artifact id: '00000000000000000000000000000000') in 0.0005195 seconds
Import Error Code:(4)
Message: Build asset version error: assets/parallaxbackground.cs in SourceAssetDB has modification time of '2025-11-09T17:13:49.7943732Z' while content on disk has modification time of '2025-11-09T17:13:56.3356578Z'
  ERROR: Build asset version error: assets/parallaxbackground.cs in SourceAssetDB has modification time of '2025-11-09T17:13:49.7943732Z' while content on disk has modification time of '2025-11-09T17:13:56.3356578Z'
Number of updated asset objects reloaded before import = 0Number of asset objects unloaded after import = 0

========================================================================
Received Import Request.
  Time since last request: 0.000027 seconds.
  path: Assets/ParallaxBackground.cs
  artifactKey: Guid(9956841298b64ad49a01861b11a3ec8e) Importer(815301076,1909f56bfc062723c751e8b465ee728b)
Start importing Assets/ParallaxBackground.cs using Guid(9956841298b64ad49a01861b11a3ec8e) Importer(815301076,1909f56bfc062723c751e8b465ee728b) (PreviewImporter) -> (artifact id: '00000000000000000000000000000000') in 0.0004994 seconds
Import Error Code:(4)
Message: Build asset version error: assets/parallaxbackground.cs in SourceAssetDB has modification time of '2025-11-09T17:13:49.7943732Z' while content on disk has modification time of '2025-11-09T17:13:56.3356578Z'
  ERROR: Build asset version error: assets/parallaxbackground.cs in SourceAssetDB has modification time of '2025-11-09T17:13:49.7943732Z' while content on disk has modification time of '2025-11-09T17:13:56.3356578Z'
Number of updated asset objects reloaded before import = 0Number of asset objects unloaded after import = 0

========================================================================
Received Import Request.
  Time since last request: 0.000068 seconds.
  path: Assets/ParallaxBackground.cs
  artifactKey: Guid(9956841298b64ad49a01861b11a3ec8e) Importer(815301076,1909f56bfc062723c751e8b465ee728b)
Start importing Assets/ParallaxBackground.cs using Guid(9956841298b64ad49a01861b11a3ec8e) Importer(815301076,1909f56bfc062723c751e8b465ee728b) (PreviewImporter) -> (artifact id: '00000000000000000000000000000000') in 0.0004986 seconds
Import Error Code:(4)
Message: Build asset version error: assets/parallaxbackground.cs in SourceAssetDB has modification time of '2025-11-09T17:13:49.7943732Z' while content on disk has modification time of '2025-11-09T17:13:56.3356578Z'
  ERROR: Build asset version error: assets/parallaxbackground.cs in SourceAssetDB has modification time of '2025-11-09T17:13:49.7943732Z' while content on disk has modification time of '2025-11-09T17:13:56.3356578Z'
Number of updated asset objects reloaded before import = 0Number of asset objects unloaded after import = 0

========================================================================
Received Import Request.
  Time since last request: 0.000018 seconds.
  path: Assets/ParallaxBackground.cs
  artifactKey: Guid(9956841298b64ad49a01861b11a3ec8e) Importer(815301076,1909f56bfc062723c751e8b465ee728b)
Start importing Assets/ParallaxBackground.cs using Guid(9956841298b64ad49a01861b11a3ec8e) Importer(815301076,1909f56bfc062723c751e8b465ee728b) (PreviewImporter) -> (artifact id: '00000000000000000000000000000000') in 0.0005474 seconds
Import Error Code:(4)
Message: Build asset version error: assets/parallaxbackground.cs in SourceAssetDB has modification time of '2025-11-09T17:13:49.7943732Z' while content on disk has modification time of '2025-11-09T17:13:56.3356578Z'
  ERROR: Build asset version error: assets/parallaxbackground.cs in SourceAssetDB has modification time of '2025-11-09T17:13:49.7943732Z' while content on disk has modification time of '2025-11-09T17:13:56.3356578Z'
Number of updated asset objects reloaded before import = 0Number of asset objects unloaded after import = 0

========================================================================
Received Import Request.
  Time since last request: 0.010392 seconds.
  path: Assets/ParallaxBackground.cs
  artifactKey: Guid(9956841298b64ad49a01861b11a3ec8e) Importer(815301076,1909f56bfc062723c751e8b465ee728b)
Start importing Assets/ParallaxBackground.cs using Guid(9956841298b64ad49a01861b11a3ec8e) Importer(815301076,1909f56bfc062723c751e8b465ee728b) (PreviewImporter) -> (artifact id: '00000000000000000000000000000000') in 0.0009076 seconds
Import Error Code:(4)
Message: Build asset version error: assets/parallaxbackground.cs in SourceAssetDB has modification time of '2025-11-09T17:13:49.7943732Z' while content on disk has modification time of '2025-11-09T17:13:56.3356578Z'
  ERROR: Build asset version error: assets/parallaxbackground.cs in SourceAssetDB has modification time of '2025-11-09T17:13:49.7943732Z' while content on disk has modification time of '2025-11-09T17:13:56.3356578Z'
Number of updated asset objects reloaded before import = 0Number of asset objects unloaded after import = 0

========================================================================
Received Import Request.
  Time since last request: 0.000027 seconds.
  path: Assets/ParallaxBackground.cs
  artifactKey: Guid(9956841298b64ad49a01861b11a3ec8e) Importer(815301076,1909f56bfc062723c751e8b465ee728b)
Start importing Assets/ParallaxBackground.cs using Guid(9956841298b64ad49a01861b11a3ec8e) Importer(815301076,1909f56bfc062723c751e8b465ee728b) (PreviewImporter) -> (artifact id: '00000000000000000000000000000000') in 0.0005243 seconds
Import Error Code:(4)
Message: Build asset version error: assets/parallaxbackground.cs in SourceAssetDB has modification time of '2025-11-09T17:13:49.7943732Z' while content on disk has modification time of '2025-11-09T17:13:56.3356578Z'
  ERROR: Build asset version error: assets/parallaxbackground.cs in SourceAssetDB has modification time of '2025-11-09T17:13:49.7943732Z' while content on disk has modification time of '2025-11-09T17:13:56.3356578Z'
Number of updated asset objects reloaded before import = 0Number of asset objects unloaded after import = 0

========================================================================
Received Import Request.
  Time since last request: 0.000028 seconds.
  path: Assets/ParallaxBackground.cs
  artifactKey: Guid(9956841298b64ad49a01861b11a3ec8e) Importer(815301076,1909f56bfc062723c751e8b465ee728b)
Start importing Assets/ParallaxBackground.cs using Guid(9956841298b64ad49a01861b11a3ec8e) Importer(815301076,1909f56bfc062723c751e8b465ee728b) (PreviewImporter) -> (artifact id: '00000000000000000000000000000000') in 0.0005105 seconds
Import Error Code:(4)
Message: Build asset version error: assets/parallaxbackground.cs in SourceAssetDB has modification time of '2025-11-09T17:13:49.7943732Z' while content on disk has modification time of '2025-11-09T17:13:56.3356578Z'
  ERROR: Build asset version error: assets/parallaxbackground.cs in SourceAssetDB has modification time of '2025-11-09T17:13:49.7943732Z' while content on disk has modification time of '2025-11-09T17:13:56.3356578Z'
Number of updated asset objects reloaded before import = 0Number of asset objects unloaded after import = 0

========================================================================
Received Import Request.
  Time since last request: 0.000018 seconds.
  path: Assets/ParallaxBackground.cs
  artifactKey: Guid(9956841298b64ad49a01861b11a3ec8e) Importer(815301076,1909f56bfc062723c751e8b465ee728b)
Start importing Assets/ParallaxBackground.cs using Guid(9956841298b64ad49a01861b11a3ec8e) Importer(815301076,1909f56bfc062723c751e8b465ee728b) (PreviewImporter) -> (artifact id: '00000000000000000000000000000000') in 0.0008112 seconds
Import Error Code:(4)
Message: Build asset version error: assets/parallaxbackground.cs in SourceAssetDB has modification time of '2025-11-09T17:13:49.7943732Z' while content on disk has modification time of '2025-11-09T17:13:56.3356578Z'
  ERROR: Build asset version error: assets/parallaxbackground.cs in SourceAssetDB has modification time of '2025-11-09T17:13:49.7943732Z' while content on disk has modification time of '2025-11-09T17:13:56.3356578Z'
Number of updated asset objects reloaded before import = 0Number of asset objects unloaded after import = 0

========================================================================
Received Import Request.
  Time since last request: 0.000017 seconds.
  path: Assets/ParallaxBackground.cs
  artifactKey: Guid(9956841298b64ad49a01861b11a3ec8e) Importer(815301076,1909f56bfc062723c751e8b465ee728b)
Start importing Assets/ParallaxBackground.cs using Guid(9956841298b64ad49a01861b11a3ec8e) Importer(815301076,1909f56bfc062723c751e8b465ee728b) (PreviewImporter) -> (artifact id: '00000000000000000000000000000000') in 0.0007229 seconds
Import Error Code:(4)
Message: Build asset version error: assets/parallaxbackground.cs in SourceAssetDB has modification time of '2025-11-09T17:13:49.7943732Z' while content on disk has modification time of '2025-11-09T17:13:56.3356578Z'
  ERROR: Build asset version error: assets/parallaxbackground.cs in SourceAssetDB has modification time of '2025-11-09T17:13:49.7943732Z' while content on disk has modification time of '2025-11-09T17:13:56.3356578Z'
Number of updated asset objects reloaded before import = 0Number of asset objects unloaded after import = 0

========================================================================
Received Import Request.
  Time since last request: 0.000020 seconds.
  path: Assets/ParallaxBackground.cs
  artifactKey: Guid(9956841298b64ad49a01861b11a3ec8e) Importer(815301076,1909f56bfc062723c751e8b465ee728b)
Start importing Assets/ParallaxBackground.cs using Guid(9956841298b64ad49a01861b11a3ec8e) Importer(815301076,1909f56bfc062723c751e8b465ee728b) (PreviewImporter) -> (artifact id: '00000000000000000000000000000000') in 0.0006168 seconds
Import Error Code:(4)
Message: Build asset version error: assets/parallaxbackground.cs in SourceAssetDB has modification time of '2025-11-09T17:13:49.7943732Z' while content on disk has modification time of '2025-11-09T17:13:56.3356578Z'
  ERROR: Build asset version error: assets/parallaxbackground.cs in SourceAssetDB has modification time of '2025-11-09T17:13:49.7943732Z' while content on disk has modification time of '2025-11-09T17:13:56.3356578Z'
Number of updated asset objects reloaded before import = 0Number of asset objects unloaded after import = 0

========================================================================
Received Import Request.
  Time since last request: 0.000029 seconds.
  path: Assets/ParallaxBackground.cs
  artifactKey: Guid(9956841298b64ad49a01861b11a3ec8e) Importer(815301076,1909f56bfc062723c751e8b465ee728b)
Start importing Assets/ParallaxBackground.cs using Guid(9956841298b64ad49a01861b11a3ec8e) Importer(815301076,1909f56bfc062723c751e8b465ee728b) (PreviewImporter) -> (artifact id: '00000000000000000000000000000000') in 0.0005868 seconds
Import Error Code:(4)
Message: Build asset version error: assets/parallaxbackground.cs in SourceAssetDB has modification time of '2025-11-09T17:13:49.7943732Z' while content on disk has modification time of '2025-11-09T17:13:56.3356578Z'
  ERROR: Build asset version error: assets/parallaxbackground.cs in SourceAssetDB has modification time of '2025-11-09T17:13:49.7943732Z' while content on disk has modification time of '2025-11-09T17:13:56.3356578Z'
Number of updated asset objects reloaded before import = 0Number of asset objects unloaded after import = 0

========================================================================
Received Import Request.
  Time since last request: 0.000017 seconds.
  path: Assets/ParallaxBackground.cs
  artifactKey: Guid(9956841298b64ad49a01861b11a3ec8e) Importer(815301076,1909f56bfc062723c751e8b465ee728b)
Start importing Assets/ParallaxBackground.cs using Guid(9956841298b64ad49a01861b11a3ec8e) Importer(815301076,1909f56bfc062723c751e8b465ee728b) (PreviewImporter) -> (artifact id: '00000000000000000000000000000000') in 0.0007284 seconds
Import Error Code:(4)
Message: Build asset version error: assets/parallaxbackground.cs in SourceAssetDB has modification time of '2025-11-09T17:13:49.7943732Z' while content on disk has modification time of '2025-11-09T17:13:56.3356578Z'
  ERROR: Build asset version error: assets/parallaxbackground.cs in SourceAssetDB has modification time of '2025-11-09T17:13:49.7943732Z' while content on disk has modification time of '2025-11-09T17:13:56.3356578Z'
Number of updated asset objects reloaded before import = 0Number of asset objects unloaded after import = 0

========================================================================
Received Import Request.
  Time since last request: 0.000018 seconds.
  path: Assets/ParallaxBackground.cs
  artifactKey: Guid(9956841298b64ad49a01861b11a3ec8e) Importer(815301076,1909f56bfc062723c751e8b465ee728b)
Start importing Assets/ParallaxBackground.cs using Guid(9956841298b64ad49a01861b11a3ec8e) Importer(815301076,1909f56bfc062723c751e8b465ee728b) (PreviewImporter) -> (artifact id: '00000000000000000000000000000000') in 0.0004994 seconds
Import Error Code:(4)
Message: Build asset version error: assets/parallaxbackground.cs in SourceAssetDB has modification time of '2025-11-09T17:13:49.7943732Z' while content on disk has modification time of '2025-11-09T17:13:56.3356578Z'
  ERROR: Build asset version error: assets/parallaxbackground.cs in SourceAssetDB has modification time of '2025-11-09T17:13:49.7943732Z' while content on disk has modification time of '2025-11-09T17:13:56.3356578Z'
Number of updated asset objects reloaded before import = 0Number of asset objects unloaded after import = 0

========================================================================
Received Import Request.
  Time since last request: 0.000031 seconds.
  path: Assets/ParallaxBackground.cs
  artifactKey: Guid(9956841298b64ad49a01861b11a3ec8e) Importer(815301076,1909f56bfc062723c751e8b465ee728b)
Start importing Assets/ParallaxBackground.cs using Guid(9956841298b64ad49a01861b11a3ec8e) Importer(815301076,1909f56bfc062723c751e8b465ee728b) (PreviewImporter) -> (artifact id: '00000000000000000000000000000000') in 0.0004976 seconds
Import Error Code:(4)
Message: Build asset version error: assets/parallaxbackground.cs in SourceAssetDB has modification time of '2025-11-09T17:13:49.7943732Z' while content on disk has modification time of '2025-11-09T17:13:56.3356578Z'
  ERROR: Build asset version error: assets/parallaxbackground.cs in SourceAssetDB has modification time of '2025-11-09T17:13:49.7943732Z' while content on disk has modification time of '2025-11-09T17:13:56.3356578Z'
Number of updated asset objects reloaded before import = 0Number of asset objects unloaded after import = 0

========================================================================
Received Import Request.
  Time since last request: 0.000017 seconds.
  path: Assets/ParallaxBackground.cs
  artifactKey: Guid(9956841298b64ad49a01861b11a3ec8e) Importer(815301076,1909f56bfc062723c751e8b465ee728b)
Start importing Assets/ParallaxBackground.cs using Guid(9956841298b64ad49a01861b11a3ec8e) Importer(815301076,1909f56bfc062723c751e8b465ee728b) (PreviewImporter) -> (artifact id: '00000000000000000000000000000000') in 0.0007449 seconds
Import Error Code:(4)
Message: Build asset version error: assets/parallaxbackground.cs in SourceAssetDB has modification time of '2025-11-09T17:13:49.7943732Z' while content on disk has modification time of '2025-11-09T17:13:56.3356578Z'
  ERROR: Build asset version error: assets/parallaxbackground.cs in SourceAssetDB has modification time of '2025-11-09T17:13:49.7943732Z' while content on disk has modification time of '2025-11-09T17:13:56.3356578Z'
Number of updated asset objects reloaded before import = 0Number of asset objects unloaded after import = 0

========================================================================
Received Import Request.
  Time since last request: 0.000026 seconds.
  path: Assets/ParallaxBackground.cs
  artifactKey: Guid(9956841298b64ad49a01861b11a3ec8e) Importer(815301076,1909f56bfc062723c751e8b465ee728b)
Start importing Assets/ParallaxBackground.cs using Guid(9956841298b64ad49a01861b11a3ec8e) Importer(815301076,1909f56bfc062723c751e8b465ee728b) (PreviewImporter) -> (artifact id: '00000000000000000000000000000000') in 0.0006765 seconds
Import Error Code:(4)
Message: Build asset version error: assets/parallaxbackground.cs in SourceAssetDB has modification time of '2025-11-09T17:13:49.7943732Z' while content on disk has modification time of '2025-11-09T17:13:56.3356578Z'
  ERROR: Build asset version error: assets/parallaxbackground.cs in SourceAssetDB has modification time of '2025-11-09T17:13:49.7943732Z' while content on disk has modification time of '2025-11-09T17:13:56.3356578Z'
Number of updated asset objects reloaded before import = 0Number of asset objects unloaded after import = 0

========================================================================
Received Import Request.
  Time since last request: 0.000034 seconds.
  path: Assets/ParallaxBackground.cs
  artifactKey: Guid(9956841298b64ad49a01861b11a3ec8e) Importer(815301076,1909f56bfc062723c751e8b465ee728b)
Start importing Assets/ParallaxBackground.cs using Guid(9956841298b64ad49a01861b11a3ec8e) Importer(815301076,1909f56bfc062723c751e8b465ee728b) (PreviewImporter) -> (artifact id: '00000000000000000000000000000000') in 0.0007568 seconds
Import Error Code:(4)
Message: Build asset version error: assets/parallaxbackground.cs in SourceAssetDB has modification time of '2025-11-09T17:13:49.7943732Z' while content on disk has modification time of '2025-11-09T17:13:56.3356578Z'
  ERROR: Build asset version error: assets/parallaxbackground.cs in SourceAssetDB has modification time of '2025-11-09T17:13:49.7943732Z' while content on disk has modification time of '2025-11-09T17:13:56.3356578Z'
Number of updated asset objects reloaded before import = 0Number of asset objects unloaded after import = 0

========================================================================
Received Import Request.
  Time since last request: 0.000020 seconds.
  path: Assets/ParallaxBackground.cs
  artifactKey: Guid(9956841298b64ad49a01861b11a3ec8e) Importer(815301076,1909f56bfc062723c751e8b465ee728b)
Start importing Assets/ParallaxBackground.cs using Guid(9956841298b64ad49a01861b11a3ec8e) Importer(815301076,1909f56bfc062723c751e8b465ee728b) (PreviewImporter) -> (artifact id: '00000000000000000000000000000000') in 0.0006231 seconds
Import Error Code:(4)
Message: Build asset version error: assets/parallaxbackground.cs in SourceAssetDB has modification time of '2025-11-09T17:13:49.7943732Z' while content on disk has modification time of '2025-11-09T17:13:56.3356578Z'
  ERROR: Build asset version error: assets/parallaxbackground.cs in SourceAssetDB has modification time of '2025-11-09T17:13:49.7943732Z' while content on disk has modification time of '2025-11-09T17:13:56.3356578Z'
Number of updated asset objects reloaded before import = 0Number of asset objects unloaded after import = 0

========================================================================
Received Import Request.
  Time since last request: 0.000031 seconds.
  path: Assets/ParallaxBackground.cs
  artifactKey: Guid(9956841298b64ad49a01861b11a3ec8e) Importer(815301076,1909f56bfc062723c751e8b465ee728b)
Start importing Assets/ParallaxBackground.cs using Guid(9956841298b64ad49a01861b11a3ec8e) Importer(815301076,1909f56bfc062723c751e8b465ee728b) (PreviewImporter) -> (artifact id: '00000000000000000000000000000000') in 0.0004861 seconds
Import Error Code:(4)
Message: Build asset version error: assets/parallaxbackground.cs in SourceAssetDB has modification time of '2025-11-09T17:13:49.7943732Z' while content on disk has modification time of '2025-11-09T17:13:56.3356578Z'
  ERROR: Build asset version error: assets/parallaxbackground.cs in SourceAssetDB has modification time of '2025-11-09T17:13:49.7943732Z' while content on disk has modification time of '2025-11-09T17:13:56.3356578Z'
Number of updated asset objects reloaded before import = 0Number of asset objects unloaded after import = 0

========================================================================
Received Import Request.
  Time since last request: 0.000019 seconds.
  path: Assets/ParallaxBackground.cs
  artifactKey: Guid(9956841298b64ad49a01861b11a3ec8e) Importer(815301076,1909f56bfc062723c751e8b465ee728b)
Start importing Assets/ParallaxBackground.cs using Guid(9956841298b64ad49a01861b11a3ec8e) Importer(815301076,1909f56bfc062723c751e8b465ee728b) (PreviewImporter) -> (artifact id: '00000000000000000000000000000000') in 0.0006937 seconds
Import Error Code:(4)
Message: Build asset version error: assets/parallaxbackground.cs in SourceAssetDB has modification time of '2025-11-09T17:13:49.7943732Z' while content on disk has modification time of '2025-11-09T17:13:56.3356578Z'
  ERROR: Build asset version error: assets/parallaxbackground.cs in SourceAssetDB has modification time of '2025-11-09T17:13:49.7943732Z' while content on disk has modification time of '2025-11-09T17:13:56.3356578Z'
Number of updated asset objects reloaded before import = 0Number of asset objects unloaded after import = 0

========================================================================
Received Import Request.
  Time since last request: 0.000036 seconds.
  path: Assets/ParallaxBackground.cs
  artifactKey: Guid(9956841298b64ad49a01861b11a3ec8e) Importer(815301076,1909f56bfc062723c751e8b465ee728b)
Start importing Assets/ParallaxBackground.cs using Guid(9956841298b64ad49a01861b11a3ec8e) Importer(815301076,1909f56bfc062723c751e8b465ee728b) (PreviewImporter) -> (artifact id: '00000000000000000000000000000000') in 0.000591 seconds
Import Error Code:(4)
Message: Build asset version error: assets/parallaxbackground.cs in SourceAssetDB has modification time of '2025-11-09T17:13:49.7943732Z' while content on disk has modification time of '2025-11-09T17:13:56.3356578Z'
  ERROR: Build asset version error: assets/parallaxbackground.cs in SourceAssetDB has modification time of '2025-11-09T17:13:49.7943732Z' while content on disk has modification time of '2025-11-09T17:13:56.3356578Z'
Number of updated asset objects reloaded before import = 0Number of asset objects unloaded after import = 0

========================================================================
Received Import Request.
  Time since last request: 0.000017 seconds.
  path: Assets/ParallaxBackground.cs
  artifactKey: Guid(9956841298b64ad49a01861b11a3ec8e) Importer(815301076,1909f56bfc062723c751e8b465ee728b)
Start importing Assets/ParallaxBackground.cs using Guid(9956841298b64ad49a01861b11a3ec8e) Importer(815301076,1909f56bfc062723c751e8b465ee728b) (PreviewImporter) -> (artifact id: '00000000000000000000000000000000') in 0.0008762 seconds
Import Error Code:(4)
Message: Build asset version error: assets/parallaxbackground.cs in SourceAssetDB has modification time of '2025-11-09T17:13:49.7943732Z' while content on disk has modification time of '2025-11-09T17:13:56.3356578Z'
  ERROR: Build asset version error: assets/parallaxbackground.cs in SourceAssetDB has modification time of '2025-11-09T17:13:49.7943732Z' while content on disk has modification time of '2025-11-09T17:13:56.3356578Z'
Number of updated asset objects reloaded before import = 0Number of asset objects unloaded after import = 0

========================================================================
Received Import Request.
  Time since last request: 0.000025 seconds.
  path: Assets/ParallaxBackground.cs
  artifactKey: Guid(9956841298b64ad49a01861b11a3ec8e) Importer(815301076,1909f56bfc062723c751e8b465ee728b)
Start importing Assets/ParallaxBackground.cs using Guid(9956841298b64ad49a01861b11a3ec8e) Importer(815301076,1909f56bfc062723c751e8b465ee728b) (PreviewImporter) -> (artifact id: '00000000000000000000000000000000') in 0.0005436 seconds
Import Error Code:(4)
Message: Build asset version error: assets/parallaxbackground.cs in SourceAssetDB has modification time of '2025-11-09T17:13:49.7943732Z' while content on disk has modification time of '2025-11-09T17:14:02.570682Z'
  ERROR: Build asset version error: assets/parallaxbackground.cs in SourceAssetDB has modification time of '2025-11-09T17:13:49.7943732Z' while content on disk has modification time of '2025-11-09T17:14:02.570682Z'
Number of updated asset objects reloaded before import = 0Number of asset objects unloaded after import = 0

========================================================================
Received Prepare
'Packages/com.unity.cinemachine/Editor/Obsolete/CinemachineVirtualCameraBaseEditor.cs' contains partial class of Unity.Object, exactly 1 of the partial classes needs to be in a file with the same filename. This is to know the one that can be referenced from ie. GameObjects
'Packages/com.unity.cinemachine/Editor/Editors/CinemachineVirtualCameraBaseEditor.cs' contains partial class of Unity.Object, exactly 1 of the partial classes needs to be in a file with the same filename. This is to know the one that can be referenced from ie. GameObjects
Refreshing native plugins compatible for Editor in 3.95 ms, found 4 plugins.
Preloading 0 native plugins for Editor in 0.00 ms.
Unloading 14 Unused Serialized files (Serialized files now loaded: 0)
Unloading 7054 unused Assets / (4.8 MB). Loaded Objects now: 7792.
Memory consumption went from 151.5 MB to 146.7 MB.
Total: 14.474100 ms (FindLiveObjects: 0.984900 ms CreateObjectMapping: 0.844300 ms MarkObjects: 9.313000 ms  DeleteObjects: 3.330200 ms)

Prepare: number of updated asset objects reloaded= 0
========================================================================
Received Import Request.
  Time since last request: 0.426891 seconds.
  path: Assets/ParallaxBackground.cs
  artifactKey: Guid(9956841298b64ad49a01861b11a3ec8e) Importer(815301076,1909f56bfc062723c751e8b465ee728b)
Start importing Assets/ParallaxBackground.cs using Guid(9956841298b64ad49a01861b11a3ec8e) Importer(815301076,1909f56bfc062723c751e8b465ee728b) (PreviewImporter) -> (artifact id: 'aa8e151d531fd93554b3e6d5c63e7ca3') in 0.0007672 seconds
Number of updated asset objects reloaded before import = 0Number of asset objects unloaded after import = 0

========================================================================
Received Prepare
'Packages/com.unity.cinemachine/Editor/Obsolete/CinemachineVirtualCameraBaseEditor.cs' contains partial class of Unity.Object, exactly 1 of the partial classes needs to be in a file with the same filename. This is to know the one that can be referenced from ie. GameObjects
'Packages/com.unity.cinemachine/Editor/Editors/CinemachineVirtualCameraBaseEditor.cs' contains partial class of Unity.Object, exactly 1 of the partial classes needs to be in a file with the same filename. This is to know the one that can be referenced from ie. GameObjects
Refreshing native plugins compatible for Editor in 4.78 ms, found 4 plugins.
Preloading 0 native plugins for Editor in 0.00 ms.
Unloading 14 Unused Serialized files (Serialized files now loaded: 0)
Unloading 7055 unused Assets / (4.8 MB). Loaded Objects now: 7793.
Memory consumption went from 151.5 MB to 146.6 MB.
Total: 10.530600 ms (FindLiveObjects: 0.816200 ms CreateObjectMapping: 0.611500 ms MarkObjects: 5.949300 ms  DeleteObjects: 3.152000 ms)

Prepare: number of updated asset objects reloaded= 0
========================================================================
Received Import Request.
  Time since last request: 8.948313 seconds.
  path: Assets/ParallaxCamera.cs
  artifactKey: Guid(7b12e7dff578a764fb3c2205f6851406) Importer(815301076,1909f56bfc062723c751e8b465ee728b)
Start importing Assets/ParallaxCamera.cs using Guid(7b12e7dff578a764fb3c2205f6851406) Importer(815301076,1909f56bfc062723c751e8b465ee728b) (PreviewImporter) -> (artifact id: '01b73d6fbe663939998d673e251d17e2') in 0.0006672 seconds
Number of updated asset objects reloaded before import = 0Number of asset objects unloaded after import = 0

========================================================================
Received Prepare
'Packages/com.unity.cinemachine/Editor/Obsolete/CinemachineVirtualCameraBaseEditor.cs' contains partial class of Unity.Object, exactly 1 of the partial classes needs to be in a file with the same filename. This is to know the one that can be referenced from ie. GameObjects
'Packages/com.unity.cinemachine/Editor/Editors/CinemachineVirtualCameraBaseEditor.cs' contains partial class of Unity.Object, exactly 1 of the partial classes needs to be in a file with the same filename. This is to know the one that can be referenced from ie. GameObjects
Refreshing native plugins compatible for Editor in 4.60 ms, found 4 plugins.
Preloading 0 native plugins for Editor in 0.00 ms.
Unloading 14 Unused Serialized files (Serialized files now loaded: 0)
Unloading 7055 unused Assets / (4.2 MB). Loaded Objects now: 7793.
Memory consumption went from 151.5 MB to 147.3 MB.
Total: 14.743300 ms (FindLiveObjects: 1.244500 ms CreateObjectMapping: 1.207500 ms MarkObjects: 7.437800 ms  DeleteObjects: 4.852000 ms)

Prepare: number of updated asset objects reloaded= 0
========================================================================
Received Import Request.
  Time since last request: 17.676323 seconds.
  path: Assets/ParallaxCamera.cs
  artifactKey: Guid(7b12e7dff578a764fb3c2205f6851406) Importer(815301076,1909f56bfc062723c751e8b465ee728b)
Start importing Assets/ParallaxCamera.cs using Guid(7b12e7dff578a764fb3c2205f6851406) Importer(815301076,1909f56bfc062723c751e8b465ee728b) (PreviewImporter) -> (artifact id: 'df059b54e2b6178a4a8213feaa8dbf9f') in 0.0006463 seconds
Number of updated asset objects reloaded before import = 0Number of asset objects unloaded after import = 0

========================================================================
Received Prepare
'Packages/com.unity.cinemachine/Editor/Obsolete/CinemachineVirtualCameraBaseEditor.cs' contains partial class of Unity.Object, exactly 1 of the partial classes needs to be in a file with the same filename. This is to know the one that can be referenced from ie. GameObjects
'Packages/com.unity.cinemachine/Editor/Editors/CinemachineVirtualCameraBaseEditor.cs' contains partial class of Unity.Object, exactly 1 of the partial classes needs to be in a file with the same filename. This is to know the one that can be referenced from ie. GameObjects
Refreshing native plugins compatible for Editor in 1.94 ms, found 4 plugins.
Preloading 0 native plugins for Editor in 0.00 ms.
Unloading 14 Unused Serialized files (Serialized files now loaded: 0)
Unloading 7056 unused Assets / (4.5 MB). Loaded Objects now: 7794.
Memory consumption went from 151.5 MB to 146.9 MB.
Total: 9.659900 ms (FindLiveObjects: 0.704400 ms CreateObjectMapping: 0.570300 ms MarkObjects: 5.868700 ms  DeleteObjects: 2.515200 ms)

Prepare: number of updated asset objects reloaded= 0
========================================================================
Received Import Request.
  Time since last request: 9.898096 seconds.
  path: Assets/ParallaxLayer.cs
  artifactKey: Guid(da1549e8b44ea37468dba3120234c138) Importer(815301076,1909f56bfc062723c751e8b465ee728b)
Start importing Assets/ParallaxLayer.cs using Guid(da1549e8b44ea37468dba3120234c138) Importer(815301076,1909f56bfc062723c751e8b465ee728b) (PreviewImporter) -> (artifact id: 'b1938a2ecc9c8e8bcf23b1583b024ba6') in 0.0008927 seconds
Number of updated asset objects reloaded before import = 0Number of asset objects unloaded after import = 0

========================================================================
Received Prepare
'Packages/com.unity.cinemachine/Editor/Obsolete/CinemachineVirtualCameraBaseEditor.cs' contains partial class of Unity.Object, exactly 1 of the partial classes needs to be in a file with the same filename. This is to know the one that can be referenced from ie. GameObjects
'Packages/com.unity.cinemachine/Editor/Editors/CinemachineVirtualCameraBaseEditor.cs' contains partial class of Unity.Object, exactly 1 of the partial classes needs to be in a file with the same filename. This is to know the one that can be referenced from ie. GameObjects
Refreshing native plugins compatible for Editor in 2.71 ms, found 4 plugins.
Preloading 0 native plugins for Editor in 0.00 ms.
Unloading 14 Unused Serialized files (Serialized files now loaded: 0)
Unloading 7056 unused Assets / (5.3 MB). Loaded Objects now: 7794.
Memory consumption went from 151.5 MB to 146.1 MB.
Total: 11.417500 ms (FindLiveObjects: 0.810500 ms CreateObjectMapping: 0.704800 ms MarkObjects: 6.207500 ms  DeleteObjects: 3.693300 ms)

Prepare: number of updated asset objects reloaded= 0
========================================================================
Received Import Request.
  Time since last request: 15.418598 seconds.
  path: Assets/ParallaxLayer.cs
  artifactKey: Guid(da1549e8b44ea37468dba3120234c138) Importer(815301076,1909f56bfc062723c751e8b465ee728b)
Start importing Assets/ParallaxLayer.cs using Guid(da1549e8b44ea37468dba3120234c138) Importer(815301076,1909f56bfc062723c751e8b465ee728b) (PreviewImporter) -> (artifact id: '900c5ec75fb315abfd9e5621a3779936') in 0.0007591 seconds
Number of updated asset objects reloaded before import = 0Number of asset objects unloaded after import = 0

========================================================================
Received Prepare
Assembly reference Packages/com.unity.cinemachine/Editor/Samples/ExposeHDRPInternals/HDRP-Editor-ref.asmref has no target assembly definition
Assembly reference Packages/com.unity.cinemachine/Editor/Samples/ExposeHDRPInternals/HDRP-Editor-ref.asmref has no target assembly definition
Begin MonoManager ReloadAssembly
- Loaded All Assemblies, in  0.912 seconds
Assembly reference Packages/com.unity.cinemachine/Editor/Samples/ExposeHDRPInternals/HDRP-Editor-ref.asmref has no target assembly definition
'Packages/com.unity.cinemachine/Editor/Obsolete/CinemachineVirtualCameraBaseEditor.cs' contains partial class of Unity.Object, exactly 1 of the partial classes needs to be in a file with the same filename. This is to know the one that can be referenced from ie. GameObjects
'Packages/com.unity.cinemachine/Editor/Editors/CinemachineVirtualCameraBaseEditor.cs' contains partial class of Unity.Object, exactly 1 of the partial classes needs to be in a file with the same filename. This is to know the one that can be referenced from ie. GameObjects
Refreshing native plugins compatible for Editor in 2.43 ms, found 4 plugins.
Native extension for iOS target not found
Native extension for WindowsStandalone target not found
Native extension for WebGL target not found
Assembly reference Packages/com.unity.cinemachine/Editor/Samples/ExposeHDRPInternals/HDRP-Editor-ref.asmref has no target assembly definition
[Package Manager] Failed to launch server process. Reason: Unity was launched with the -noUpm command-line argument
[Package Manager] Unable to send message (not connected to server process).
[Package Manager] Cannot connect to Unity Package Manager local server
Mono: successfully reloaded assembly
- Finished resetting the current domain, in  1.302 seconds
Domain Reload Profiling: 2211ms
	BeginReloadAssembly (228ms)
		ExecutionOrderSort (0ms)
		DisableScriptedObjects (17ms)
		BackupInstance (0ms)
		ReleaseScriptingObjects (0ms)
		CreateAndSetChildDomain (53ms)
	RebuildCommonClasses (43ms)
	RebuildNativeTypeToScriptingClass (12ms)
	initialDomainReloadingComplete (32ms)
	LoadAllAssembliesAndSetupDomain (593ms)
		LoadAssemblies (437ms)
		RebuildTransferFunctionScriptingTraits (0ms)
		AnalyzeDomain (264ms)
			TypeCache.Refresh (11ms)
				TypeCache.ScanAssembly (0ms)
			BuildScriptInfoCaches (236ms)
			ResolveRequiredComponents (14ms)
	FinalizeReload (1303ms)
		ReleaseScriptCaches (0ms)
		RebuildScriptCaches (0ms)
		SetupLoadedEditorAssemblies (1010ms)
			LogAssemblyErrors (0ms)
			InitializePlatformSupportModulesInManaged (26ms)
			SetLoadedEditorAssemblies (6ms)
			BeforeProcessingInitializeOnLoad (186ms)
			ProcessInitializeOnLoadAttributes (656ms)
			ProcessInitializeOnLoadMethodAttributes (112ms)
			AfterProcessingInitializeOnLoad (23ms)
			EditorAssembliesLoaded (1ms)
		ExecutionOrderSort2 (0ms)
		AwakeInstancesAfterBackupRestoration (67ms)
Refreshing native plugins compatible for Editor in 2.09 ms, found 4 plugins.
Preloading 0 native plugins for Editor in 0.00 ms.
Unloading 14 Unused Serialized files (Serialized files now loaded: 0)
Unloading 7067 unused Assets / (4.3 MB). Loaded Objects now: 7797.
Memory consumption went from 151.3 MB to 147.0 MB.
Total: 7.624100 ms (FindLiveObjects: 0.698500 ms CreateObjectMapping: 0.365100 ms MarkObjects: 4.458400 ms  DeleteObjects: 2.101300 ms)

Prepare: number of updated asset objects reloaded= 0
========================================================================
Received Prepare
'Packages/com.unity.cinemachine/Editor/Obsolete/CinemachineVirtualCameraBaseEditor.cs' contains partial class of Unity.Object, exactly 1 of the partial classes needs to be in a file with the same filename. This is to know the one that can be referenced from ie. GameObjects
'Packages/com.unity.cinemachine/Editor/Editors/CinemachineVirtualCameraBaseEditor.cs' contains partial class of Unity.Object, exactly 1 of the partial classes needs to be in a file with the same filename. This is to know the one that can be referenced from ie. GameObjects
Refreshing native plugins compatible for Editor in 2.00 ms, found 4 plugins.
Preloading 0 native plugins for Editor in 0.00 ms.
Unloading 14 Unused Serialized files (Serialized files now loaded: 0)
Unloading 7056 unused Assets / (4.3 MB). Loaded Objects now: 7797.
Memory consumption went from 151.5 MB to 147.2 MB.
Total: 8.776400 ms (FindLiveObjects: 0.890300 ms CreateObjectMapping: 0.530500 ms MarkObjects: 4.941300 ms  DeleteObjects: 2.412500 ms)

Prepare: number of updated asset objects reloaded= 0
========================================================================
Received Prepare
Assembly reference Packages/com.unity.cinemachine/Editor/Samples/ExposeHDRPInternals/HDRP-Editor-ref.asmref has no target assembly definition
Assembly reference Packages/com.unity.cinemachine/Editor/Samples/ExposeHDRPInternals/HDRP-Editor-ref.asmref has no target assembly definition
Begin MonoManager ReloadAssembly
- Loaded All Assemblies, in  0.738 seconds
Assembly reference Packages/com.unity.cinemachine/Editor/Samples/ExposeHDRPInternals/HDRP-Editor-ref.asmref has no target assembly definition
'Packages/com.unity.cinemachine/Editor/Obsolete/CinemachineVirtualCameraBaseEditor.cs' contains partial class of Unity.Object, exactly 1 of the partial classes needs to be in a file with the same filename. This is to know the one that can be referenced from ie. GameObjects
'Packages/com.unity.cinemachine/Editor/Editors/CinemachineVirtualCameraBaseEditor.cs' contains partial class of Unity.Object, exactly 1 of the partial classes needs to be in a file with the same filename. This is to know the one that can be referenced from ie. GameObjects
Refreshing native plugins compatible for Editor in 2.01 ms, found 4 plugins.
Native extension for iOS target not found
Native extension for WindowsStandalone target not found
Native extension for WebGL target not found
Assembly reference Packages/com.unity.cinemachine/Editor/Samples/ExposeHDRPInternals/HDRP-Editor-ref.asmref has no target assembly definition
[Package Manager] Failed to launch server process. Reason: Unity was launched with the -noUpm command-line argument
[Package Manager] Unable to send message (not connected to server process).
[Package Manager] Cannot connect to Unity Package Manager local server
Mono: successfully reloaded assembly
- Finished resetting the current domain, in  0.976 seconds
Domain Reload Profiling: 1710ms
	BeginReloadAssembly (195ms)
		ExecutionOrderSort (0ms)
		DisableScriptedObjects (13ms)
		BackupInstance (0ms)
		ReleaseScriptingObjects (0ms)
		CreateAndSetChildDomain (49ms)
	RebuildCommonClasses (32ms)
	RebuildNativeTypeToScriptingClass (11ms)
	initialDomainReloadingComplete (28ms)
	LoadAllAssembliesAndSetupDomain (468ms)
		LoadAssemblies (349ms)
		RebuildTransferFunctionScriptingTraits (0ms)
		AnalyzeDomain (209ms)
			TypeCache.Refresh (9ms)
				TypeCache.ScanAssembly (0ms)
			BuildScriptInfoCaches (186ms)
			ResolveRequiredComponents (11ms)
	FinalizeReload (976ms)
		ReleaseScriptCaches (0ms)
		RebuildScriptCaches (0ms)
		SetupLoadedEditorAssemblies (779ms)
			LogAssemblyErrors (0ms)
			InitializePlatformSupportModulesInManaged (22ms)
			SetLoadedEditorAssemblies (4ms)
			BeforeProcessingInitializeOnLoad (126ms)
			ProcessInitializeOnLoadAttributes (554ms)
			ProcessInitializeOnLoadMethodAttributes (64ms)
			AfterProcessingInitializeOnLoad (8ms)
			EditorAssembliesLoaded (0ms)
		ExecutionOrderSort2 (0ms)
		AwakeInstancesAfterBackupRestoration (14ms)
Refreshing native plugins compatible for Editor in 2.24 ms, found 4 plugins.
Preloading 0 native plugins for Editor in 0.00 ms.
Unloading 14 Unused Serialized files (Serialized files now loaded: 0)
Unloading 7067 unused Assets / (4.8 MB). Loaded Objects now: 7800.
Memory consumption went from 151.3 MB to 146.5 MB.
Total: 10.616700 ms (FindLiveObjects: 0.687400 ms CreateObjectMapping: 1.049900 ms MarkObjects: 5.511600 ms  DeleteObjects: 3.366600 ms)

Prepare: number of updated asset objects reloaded= 0
========================================================================
Received Import Request.
  Time since last request: 13.295408 seconds.
  path: Assets/ParallaxLayer.cs
  artifactKey: Guid(da1549e8b44ea37468dba3120234c138) Importer(815301076,1909f56bfc062723c751e8b465ee728b)
Start importing Assets/ParallaxLayer.cs using Guid(da1549e8b44ea37468dba3120234c138) Importer(815301076,1909f56bfc062723c751e8b465ee728b) (PreviewImporter) -> (artifact id: '6e2020e66f72e23293af062bc3d330b1') in 0.0018916 seconds
Number of updated asset objects reloaded before import = 0Number of asset objects unloaded after import = 0

